,L,mu,theta,forget_func,jaccard_sim
0,14.583333333333334,0.5,0.1,exp,0.28589343920860233
1,14.583333333333334,0.5,0.11578947368421054,exp,0.2873489849451582
2,14.583333333333334,0.5,0.13157894736842107,exp,0.28852215418544136
3,14.583333333333334,0.5,0.1473684210526316,exp,0.29052941344605404
4,14.583333333333334,0.5,0.1631578947368421,exp,0.2936835104898756
5,14.583333333333334,0.5,0.17894736842105266,exp,0.2955230634163901
6,14.583333333333334,0.5,0.19473684210526318,exp,0.2963089508263185
7,14.583333333333334,0.5,0.21052631578947373,exp,0.29697785434282836
8,14.583333333333334,0.5,0.22631578947368425,exp,0.29804408460568715
9,14.583333333333334,0.5,0.24210526315789477,exp,0.29939245736575554
10,14.583333333333334,0.5,0.2578947368421053,exp,0.3004740724852428
11,14.583333333333334,0.5,0.27368421052631586,exp,0.3020094185772552
12,14.583333333333334,0.5,0.2894736842105263,exp,0.30274064836342385
13,14.583333333333334,0.5,0.3052631578947369,exp,0.30446330542592276
14,14.583333333333334,0.5,0.3210526315789474,exp,0.30611946828369313
15,14.583333333333334,0.5,0.33684210526315794,exp,0.30778194757010646
16,14.583333333333334,0.5,0.3526315789473685,exp,0.30823736184160544
17,14.583333333333334,0.5,0.368421052631579,exp,0.30916933196949775
18,14.583333333333334,0.5,0.38421052631578956,exp,0.3111404894208519
19,14.583333333333334,0.5,0.4,exp,0.3123015786796673
20,14.583333333333334,0.5105263157894737,0.1,exp,0.2857902865520425
21,14.583333333333334,0.5105263157894737,0.11578947368421054,exp,0.28654213435556736
22,14.583333333333334,0.5105263157894737,0.13157894736842107,exp,0.28781842041750255
23,14.583333333333334,0.5105263157894737,0.1473684210526316,exp,0.2894784877471636
24,14.583333333333334,0.5105263157894737,0.1631578947368421,exp,0.29093631036254397
25,14.583333333333334,0.5105263157894737,0.17894736842105266,exp,0.2936433025778183
26,14.583333333333334,0.5105263157894737,0.19473684210526318,exp,0.29481174462386156
27,14.583333333333334,0.5105263157894737,0.21052631578947373,exp,0.2962004472576073
28,14.583333333333334,0.5105263157894737,0.22631578947368425,exp,0.2977707917505822
29,14.583333333333334,0.5105263157894737,0.24210526315789477,exp,0.29824988886008286
30,14.583333333333334,0.5105263157894737,0.2578947368421053,exp,0.2994148077518137
31,14.583333333333334,0.5105263157894737,0.27368421052631586,exp,0.30130739829013514
32,14.583333333333334,0.5105263157894737,0.2894736842105263,exp,0.30094888211009657
33,14.583333333333334,0.5105263157894737,0.3052631578947369,exp,0.3028349625038908
34,14.583333333333334,0.5105263157894737,0.3210526315789474,exp,0.3053511030607202
35,14.583333333333334,0.5105263157894737,0.33684210526315794,exp,0.307041112319524
36,14.583333333333334,0.5105263157894737,0.3526315789473685,exp,0.30778702484688525
37,14.583333333333334,0.5105263157894737,0.368421052631579,exp,0.3085892293709137
38,14.583333333333334,0.5105263157894737,0.38421052631578956,exp,0.30945208181892164
39,14.583333333333334,0.5105263157894737,0.4,exp,0.31123163508196805
40,14.583333333333334,0.5210526315789473,0.1,exp,0.2856764603429112
41,14.583333333333334,0.5210526315789473,0.11578947368421054,exp,0.2863994632816491
42,14.583333333333334,0.5210526315789473,0.13157894736842107,exp,0.28721282246861957
43,14.583333333333334,0.5210526315789473,0.1473684210526316,exp,0.2884398690258546
44,14.583333333333334,0.5210526315789473,0.1631578947368421,exp,0.28965696511740935
45,14.583333333333334,0.5210526315789473,0.17894736842105266,exp,0.29097680156814004
46,14.583333333333334,0.5210526315789473,0.19473684210526318,exp,0.29429285862738286
47,14.583333333333334,0.5210526315789473,0.21052631578947373,exp,0.295056914997575
48,14.583333333333334,0.5210526315789473,0.22631578947368425,exp,0.2958456323386722
49,14.583333333333334,0.5210526315789473,0.24210526315789477,exp,0.2972437770692088
50,14.583333333333334,0.5210526315789473,0.2578947368421053,exp,0.2983717103580559
51,14.583333333333334,0.5210526315789473,0.27368421052631586,exp,0.29954597032242264
52,14.583333333333334,0.5210526315789473,0.2894736842105263,exp,0.30156025896884053
53,14.583333333333334,0.5210526315789473,0.3052631578947369,exp,0.30132231968182116
54,14.583333333333334,0.5210526315789473,0.3210526315789474,exp,0.30231200584654444
55,14.583333333333334,0.5210526315789473,0.33684210526315794,exp,0.30536312742617033
56,14.583333333333334,0.5210526315789473,0.3526315789473685,exp,0.30709352208909557
57,14.583333333333334,0.5210526315789473,0.368421052631579,exp,0.3077983316008242
58,14.583333333333334,0.5210526315789473,0.38421052631578956,exp,0.3086139392942999
59,14.583333333333334,0.5210526315789473,0.4,exp,0.30948519750025605
60,14.583333333333334,0.531578947368421,0.1,exp,0.2850891406837515
61,14.583333333333334,0.531578947368421,0.11578947368421054,exp,0.28604212298638565
62,14.583333333333334,0.531578947368421,0.13157894736842107,exp,0.28695308177644413
63,14.583333333333334,0.531578947368421,0.1473684210526316,exp,0.2873793313927437
64,14.583333333333334,0.531578947368421,0.1631578947368421,exp,0.2888302683348401
65,14.583333333333334,0.531578947368421,0.17894736842105266,exp,0.2896709659139855
66,14.583333333333334,0.531578947368421,0.19473684210526318,exp,0.2925689213985629
67,14.583333333333334,0.531578947368421,0.21052631578947373,exp,0.2938205128263173
68,14.583333333333334,0.531578947368421,0.22631578947368425,exp,0.29478095952621963
69,14.583333333333334,0.531578947368421,0.24210526315789477,exp,0.2953999611481272
70,14.583333333333334,0.531578947368421,0.2578947368421053,exp,0.29666047762098674
71,14.583333333333334,0.531578947368421,0.27368421052631586,exp,0.29819175630541966
72,14.583333333333334,0.531578947368421,0.2894736842105263,exp,0.2991140441624319
73,14.583333333333334,0.531578947368421,0.3052631578947369,exp,0.2999461084510706
74,14.583333333333334,0.531578947368421,0.3210526315789474,exp,0.30136733579211217
75,14.583333333333334,0.531578947368421,0.33684210526315794,exp,0.30253527552337844
76,14.583333333333334,0.531578947368421,0.3526315789473685,exp,0.3044675578057332
77,14.583333333333334,0.531578947368421,0.368421052631579,exp,0.3064095430800056
78,14.583333333333334,0.531578947368421,0.38421052631578956,exp,0.3067820977655979
79,14.583333333333334,0.531578947368421,0.4,exp,0.30868304926261253
80,14.583333333333334,0.5421052631578948,0.1,exp,0.2851416816277666
81,14.583333333333334,0.5421052631578948,0.11578947368421054,exp,0.2862962275108895
82,14.583333333333334,0.5421052631578948,0.13157894736842107,exp,0.28665909925845345
83,14.583333333333334,0.5421052631578948,0.1473684210526316,exp,0.2872716163881312
84,14.583333333333334,0.5421052631578948,0.1631578947368421,exp,0.287718309687987
85,14.583333333333334,0.5421052631578948,0.17894736842105266,exp,0.2895659230766598
86,14.583333333333334,0.5421052631578948,0.19473684210526318,exp,0.2898422975594514
87,14.583333333333334,0.5421052631578948,0.21052631578947373,exp,0.29284122910375104
88,14.583333333333334,0.5421052631578948,0.22631578947368425,exp,0.29423323095529846
89,14.583333333333334,0.5421052631578948,0.24210526315789477,exp,0.294693515689914
90,14.583333333333334,0.5421052631578948,0.2578947368421053,exp,0.2950638478189343
91,14.583333333333334,0.5421052631578948,0.27368421052631586,exp,0.29640470369885785
92,14.583333333333334,0.5421052631578948,0.2894736842105263,exp,0.2979392009222116
93,14.583333333333334,0.5421052631578948,0.3052631578947369,exp,0.2992089438984237
94,14.583333333333334,0.5421052631578948,0.3210526315789474,exp,0.2992084741639248
95,14.583333333333334,0.5421052631578948,0.33684210526315794,exp,0.30046924008116377
96,14.583333333333334,0.5421052631578948,0.3526315789473685,exp,0.3022531261951092
97,14.583333333333334,0.5421052631578948,0.368421052631579,exp,0.3043403293939353
98,14.583333333333334,0.5421052631578948,0.38421052631578956,exp,0.3057055678463443
99,14.583333333333334,0.5421052631578948,0.4,exp,0.30633479099359473
100,14.583333333333334,0.5526315789473684,0.1,exp,0.2841865656059624
101,14.583333333333334,0.5526315789473684,0.11578947368421054,exp,0.28512726830685775
102,14.583333333333334,0.5526315789473684,0.13157894736842107,exp,0.286254242963415
103,14.583333333333334,0.5526315789473684,0.1473684210526316,exp,0.286826671635786
104,14.583333333333334,0.5526315789473684,0.1631578947368421,exp,0.28778852546905415
105,14.583333333333334,0.5526315789473684,0.17894736842105266,exp,0.28883929173883066
106,14.583333333333334,0.5526315789473684,0.19473684210526318,exp,0.28997468795160847
107,14.583333333333334,0.5526315789473684,0.21052631578947373,exp,0.2920604247565164
108,14.583333333333334,0.5526315789473684,0.22631578947368425,exp,0.2932156187860832
109,14.583333333333334,0.5526315789473684,0.24210526315789477,exp,0.29420154407240046
110,14.583333333333334,0.5526315789473684,0.2578947368421053,exp,0.29529580582131504
111,14.583333333333334,0.5526315789473684,0.27368421052631586,exp,0.295589605103934
112,14.583333333333334,0.5526315789473684,0.2894736842105263,exp,0.2966711684293886
113,14.583333333333334,0.5526315789473684,0.3052631578947369,exp,0.2981596852949451
114,14.583333333333334,0.5526315789473684,0.3210526315789474,exp,0.2993157365663355
115,14.583333333333334,0.5526315789473684,0.33684210526315794,exp,0.29942801685995046
116,14.583333333333334,0.5526315789473684,0.3526315789473685,exp,0.3005685715705961
117,14.583333333333334,0.5526315789473684,0.368421052631579,exp,0.30211816750447645
118,14.583333333333334,0.5526315789473684,0.38421052631578956,exp,0.30379080409561177
119,14.583333333333334,0.5526315789473684,0.4,exp,0.30497220999988045
120,14.583333333333334,0.5631578947368421,0.1,exp,0.2837721226861372
121,14.583333333333334,0.5631578947368421,0.11578947368421054,exp,0.28465965525436066
122,14.583333333333334,0.5631578947368421,0.13157894736842107,exp,0.28550212344993536
123,14.583333333333334,0.5631578947368421,0.1473684210526316,exp,0.2859002493735692
124,14.583333333333334,0.5631578947368421,0.1631578947368421,exp,0.2874603863519876
125,14.583333333333334,0.5631578947368421,0.17894736842105266,exp,0.2882806136974382
126,14.583333333333334,0.5631578947368421,0.19473684210526318,exp,0.2893363644135775
127,14.583333333333334,0.5631578947368421,0.21052631578947373,exp,0.2898283270649453
128,14.583333333333334,0.5631578947368421,0.22631578947368425,exp,0.29264372808050765
129,14.583333333333334,0.5631578947368421,0.24210526315789477,exp,0.29341637279306554
130,14.583333333333334,0.5631578947368421,0.2578947368421053,exp,0.29418509896573336
131,14.583333333333334,0.5631578947368421,0.27368421052631586,exp,0.2952239831942043
132,14.583333333333334,0.5631578947368421,0.2894736842105263,exp,0.29622340468909675
133,14.583333333333334,0.5631578947368421,0.3052631578947369,exp,0.296429976771333
134,14.583333333333334,0.5631578947368421,0.3210526315789474,exp,0.2979457477275082
135,14.583333333333334,0.5631578947368421,0.33684210526315794,exp,0.2975127667369714
136,14.583333333333334,0.5631578947368421,0.3526315789473685,exp,0.2995823228829507
137,14.583333333333334,0.5631578947368421,0.368421052631579,exp,0.30091076704995484
138,14.583333333333334,0.5631578947368421,0.38421052631578956,exp,0.30180535630113753
139,14.583333333333334,0.5631578947368421,0.4,exp,0.3034012510683476
140,14.583333333333334,0.5736842105263158,0.1,exp,0.28348170490361774
141,14.583333333333334,0.5736842105263158,0.11578947368421054,exp,0.2840450279063872
142,14.583333333333334,0.5736842105263158,0.13157894736842107,exp,0.2850159129686481
143,14.583333333333334,0.5736842105263158,0.1473684210526316,exp,0.2856174693324929
144,14.583333333333334,0.5736842105263158,0.1631578947368421,exp,0.2864460940197599
145,14.583333333333334,0.5736842105263158,0.17894736842105266,exp,0.2879121779283467
146,14.583333333333334,0.5736842105263158,0.19473684210526318,exp,0.28856737533969856
147,14.583333333333334,0.5736842105263158,0.21052631578947373,exp,0.28970485617798986
148,14.583333333333334,0.5736842105263158,0.22631578947368425,exp,0.28996009638180203
149,14.583333333333334,0.5736842105263158,0.24210526315789477,exp,0.2925948176865363
150,14.583333333333334,0.5736842105263158,0.2578947368421053,exp,0.29330976912335865
151,14.583333333333334,0.5736842105263158,0.27368421052631586,exp,0.29413850853250234
152,14.583333333333334,0.5736842105263158,0.2894736842105263,exp,0.2946413425124648
153,14.583333333333334,0.5736842105263158,0.3052631578947369,exp,0.29609128413072744
154,14.583333333333334,0.5736842105263158,0.3210526315789474,exp,0.2970077609524405
155,14.583333333333334,0.5736842105263158,0.33684210526315794,exp,0.2986608991025658
156,14.583333333333334,0.5736842105263158,0.3526315789473685,exp,0.2982303235963968
157,14.583333333333334,0.5736842105263158,0.368421052631579,exp,0.299673306486045
158,14.583333333333334,0.5736842105263158,0.38421052631578956,exp,0.3007129285621043
159,14.583333333333334,0.5736842105263158,0.4,exp,0.3024193099535269
160,14.583333333333334,0.5842105263157895,0.1,exp,0.28300296816309006
161,14.583333333333334,0.5842105263157895,0.11578947368421054,exp,0.2840773549283336
162,14.583333333333334,0.5842105263157895,0.13157894736842107,exp,0.28448950660623645
163,14.583333333333334,0.5842105263157895,0.1473684210526316,exp,0.2854676507189256
164,14.583333333333334,0.5842105263157895,0.1631578947368421,exp,0.28584017701138986
165,14.583333333333334,0.5842105263157895,0.17894736842105266,exp,0.28676446663861255
166,14.583333333333334,0.5842105263157895,0.19473684210526318,exp,0.28787956176371776
167,14.583333333333334,0.5842105263157895,0.21052631578947373,exp,0.2886259404820372
168,14.583333333333334,0.5842105263157895,0.22631578947368425,exp,0.28971216559179847
169,14.583333333333334,0.5842105263157895,0.24210526315789477,exp,0.2908671227540538
170,14.583333333333334,0.5842105263157895,0.2578947368421053,exp,0.2928978569515133
171,14.583333333333334,0.5842105263157895,0.27368421052631586,exp,0.29344240337364
172,14.583333333333334,0.5842105263157895,0.2894736842105263,exp,0.2944382841327697
173,14.583333333333334,0.5842105263157895,0.3052631578947369,exp,0.29514960544137336
174,14.583333333333334,0.5842105263157895,0.3210526315789474,exp,0.2960362638200717
175,14.583333333333334,0.5842105263157895,0.33684210526315794,exp,0.296825264454507
176,14.583333333333334,0.5842105263157895,0.3526315789473685,exp,0.2987718776799322
177,14.583333333333334,0.5842105263157895,0.368421052631579,exp,0.29859362152246743
178,14.583333333333334,0.5842105263157895,0.38421052631578956,exp,0.2999197823668122
179,14.583333333333334,0.5842105263157895,0.4,exp,0.3006675132015092
180,14.583333333333334,0.5947368421052631,0.1,exp,0.28217228933298866
181,14.583333333333334,0.5947368421052631,0.11578947368421054,exp,0.28274230323482236
182,14.583333333333334,0.5947368421052631,0.13157894736842107,exp,0.28391217690671205
183,14.583333333333334,0.5947368421052631,0.1473684210526316,exp,0.28447528977693726
184,14.583333333333334,0.5947368421052631,0.1631578947368421,exp,0.2855634898961112
185,14.583333333333334,0.5947368421052631,0.17894736842105266,exp,0.28656478323895784
186,14.583333333333334,0.5947368421052631,0.19473684210526318,exp,0.2875073860834872
187,14.583333333333334,0.5947368421052631,0.21052631578947373,exp,0.28833315341108107
188,14.583333333333334,0.5947368421052631,0.22631578947368425,exp,0.28909181221800867
189,14.583333333333334,0.5947368421052631,0.24210526315789477,exp,0.28978434832149597
190,14.583333333333334,0.5947368421052631,0.2578947368421053,exp,0.29278919998284225
191,14.583333333333334,0.5947368421052631,0.27368421052631586,exp,0.2934627376352446
192,14.583333333333334,0.5947368421052631,0.2894736842105263,exp,0.2937041370263771
193,14.583333333333334,0.5947368421052631,0.3052631578947369,exp,0.2946937912562308
194,14.583333333333334,0.5947368421052631,0.3210526315789474,exp,0.29537373792415783
195,14.583333333333334,0.5947368421052631,0.33684210526315794,exp,0.2960921428755437
196,14.583333333333334,0.5947368421052631,0.3526315789473685,exp,0.2969425107245706
197,14.583333333333334,0.5947368421052631,0.368421052631579,exp,0.2973051676492731
198,14.583333333333334,0.5947368421052631,0.38421052631578956,exp,0.29880693492580285
199,14.583333333333334,0.5947368421052631,0.4,exp,0.30015077217047637
200,14.583333333333334,0.6052631578947368,0.1,exp,0.28127436129262984
201,14.583333333333334,0.6052631578947368,0.11578947368421054,exp,0.28221165611002896
202,14.583333333333334,0.6052631578947368,0.13157894736842107,exp,0.28290812326749964
203,14.583333333333334,0.6052631578947368,0.1473684210526316,exp,0.2843402709408347
204,14.583333333333334,0.6052631578947368,0.1631578947368421,exp,0.2846739400948348
205,14.583333333333334,0.6052631578947368,0.17894736842105266,exp,0.28537385728193276
206,14.583333333333334,0.6052631578947368,0.19473684210526318,exp,0.28606367359933815
207,14.583333333333334,0.6052631578947368,0.21052631578947373,exp,0.2873830622877813
208,14.583333333333334,0.6052631578947368,0.22631578947368425,exp,0.2882814695378567
209,14.583333333333334,0.6052631578947368,0.24210526315789477,exp,0.28906130904050625
210,14.583333333333334,0.6052631578947368,0.2578947368421053,exp,0.2896870662171368
211,14.583333333333334,0.6052631578947368,0.27368421052631586,exp,0.2927954448009671
212,14.583333333333334,0.6052631578947368,0.2894736842105263,exp,0.2928806962928682
213,14.583333333333334,0.6052631578947368,0.3052631578947369,exp,0.2937262403538893
214,14.583333333333334,0.6052631578947368,0.3210526315789474,exp,0.2949041249440732
215,14.583333333333334,0.6052631578947368,0.33684210526315794,exp,0.295415030371799
216,14.583333333333334,0.6052631578947368,0.3526315789473685,exp,0.29618318520666315
217,14.583333333333334,0.6052631578947368,0.368421052631579,exp,0.2972006089044535
218,14.583333333333334,0.6052631578947368,0.38421052631578956,exp,0.29702920612830064
219,14.583333333333334,0.6052631578947368,0.4,exp,0.29907142257624075
220,14.583333333333334,0.6157894736842104,0.1,exp,0.2801218672488948
221,14.583333333333334,0.6157894736842104,0.11578947368421054,exp,0.2819465945631424
222,14.583333333333334,0.6157894736842104,0.13157894736842107,exp,0.2825494382817212
223,14.583333333333334,0.6157894736842104,0.1473684210526316,exp,0.28248280920595875
224,14.583333333333334,0.6157894736842104,0.1631578947368421,exp,0.28362581927991454
225,14.583333333333334,0.6157894736842104,0.17894736842105266,exp,0.28464162340810756
226,14.583333333333334,0.6157894736842104,0.19473684210526318,exp,0.2853339458925404
227,14.583333333333334,0.6157894736842104,0.21052631578947373,exp,0.28566896190399554
228,14.583333333333334,0.6157894736842104,0.22631578947368425,exp,0.28688059662655324
229,14.583333333333334,0.6157894736842104,0.24210526315789477,exp,0.28845064499715467
230,14.583333333333334,0.6157894736842104,0.2578947368421053,exp,0.28882180967128124
231,14.583333333333334,0.6157894736842104,0.27368421052631586,exp,0.2894940964998449
232,14.583333333333334,0.6157894736842104,0.2894736842105263,exp,0.2923576582325511
233,14.583333333333334,0.6157894736842104,0.3052631578947369,exp,0.2927939322030354
234,14.583333333333334,0.6157894736842104,0.3210526315789474,exp,0.29369865579296583
235,14.583333333333334,0.6157894736842104,0.33684210526315794,exp,0.2940247134964278
236,14.583333333333334,0.6157894736842104,0.3526315789473685,exp,0.29479093528617833
237,14.583333333333334,0.6157894736842104,0.368421052631579,exp,0.2956803547584362
238,14.583333333333334,0.6157894736842104,0.38421052631578956,exp,0.29497418288910016
239,14.583333333333334,0.6157894736842104,0.4,exp,0.2969025398958594
240,14.583333333333334,0.6263157894736842,0.1,exp,0.2793626360383975
241,14.583333333333334,0.6263157894736842,0.11578947368421054,exp,0.27996037009092345
242,14.583333333333334,0.6263157894736842,0.13157894736842107,exp,0.2811849028440407
243,14.583333333333334,0.6263157894736842,0.1473684210526316,exp,0.28235423116308994
244,14.583333333333334,0.6263157894736842,0.1631578947368421,exp,0.2835361430551226
245,14.583333333333334,0.6263157894736842,0.17894736842105266,exp,0.28339023795135887
246,14.583333333333334,0.6263157894736842,0.19473684210526318,exp,0.2837805833399063
247,14.583333333333334,0.6263157894736842,0.21052631578947373,exp,0.28534020335498717
248,14.583333333333334,0.6263157894736842,0.22631578947368425,exp,0.2861830795611852
249,14.583333333333334,0.6263157894736842,0.24210526315789477,exp,0.2874114491151548
250,14.583333333333334,0.6263157894736842,0.2578947368421053,exp,0.2879615473973305
251,14.583333333333334,0.6263157894736842,0.27368421052631586,exp,0.28839083797637405
252,14.583333333333334,0.6263157894736842,0.2894736842105263,exp,0.28963005267870134
253,14.583333333333334,0.6263157894736842,0.3052631578947369,exp,0.29231078349888484
254,14.583333333333334,0.6263157894736842,0.3210526315789474,exp,0.29274705746936913
255,14.583333333333334,0.6263157894736842,0.33684210526315794,exp,0.29368096656224757
256,14.583333333333334,0.6263157894736842,0.3526315789473685,exp,0.2941056541429929
257,14.583333333333334,0.6263157894736842,0.368421052631579,exp,0.29508327879195734
258,14.583333333333334,0.6263157894736842,0.38421052631578956,exp,0.2957405965133589
259,14.583333333333334,0.6263157894736842,0.4,exp,0.2951864025778894
260,14.583333333333334,0.6368421052631579,0.1,exp,0.27878827502651654
261,14.583333333333334,0.6368421052631579,0.11578947368421054,exp,0.2801117452948448
262,14.583333333333334,0.6368421052631579,0.13157894736842107,exp,0.2809010774439774
263,14.583333333333334,0.6368421052631579,0.1473684210526316,exp,0.2814345679274653
264,14.583333333333334,0.6368421052631579,0.1631578947368421,exp,0.2823261192341205
265,14.583333333333334,0.6368421052631579,0.17894736842105266,exp,0.28347347137124185
266,14.583333333333334,0.6368421052631579,0.19473684210526318,exp,0.2838799954635221
267,14.583333333333334,0.6368421052631579,0.21052631578947373,exp,0.2840974855593646
268,14.583333333333334,0.6368421052631579,0.22631578947368425,exp,0.28485168068352484
269,14.583333333333334,0.6368421052631579,0.24210526315789477,exp,0.2853664856273955
270,14.583333333333334,0.6368421052631579,0.2578947368421053,exp,0.28670715349435555
271,14.583333333333334,0.6368421052631579,0.27368421052631586,exp,0.2876368811180982
272,14.583333333333334,0.6368421052631579,0.2894736842105263,exp,0.28815455503334764
273,14.583333333333334,0.6368421052631579,0.3052631578947369,exp,0.291152613779705
274,14.583333333333334,0.6368421052631579,0.3210526315789474,exp,0.2913282403888671
275,14.583333333333334,0.6368421052631579,0.33684210526315794,exp,0.29307453156546065
276,14.583333333333334,0.6368421052631579,0.3526315789473685,exp,0.29366303623714296
277,14.583333333333334,0.6368421052631579,0.368421052631579,exp,0.29405394154455194
278,14.583333333333334,0.6368421052631579,0.38421052631578956,exp,0.2951424075106836
279,14.583333333333334,0.6368421052631579,0.4,exp,0.29608715903228566
280,14.583333333333334,0.6473684210526316,0.1,exp,0.2776549974749717
281,14.583333333333334,0.6473684210526316,0.11578947368421054,exp,0.2792033080339436
282,14.583333333333334,0.6473684210526316,0.13157894736842107,exp,0.2802691147572376
283,14.583333333333334,0.6473684210526316,0.1473684210526316,exp,0.2814186407911553
284,14.583333333333334,0.6473684210526316,0.1631578947368421,exp,0.28119996646504836
285,14.583333333333334,0.6473684210526316,0.17894736842105266,exp,0.28251109482042713
286,14.583333333333334,0.6473684210526316,0.19473684210526318,exp,0.28316572260328543
287,14.583333333333334,0.6473684210526316,0.21052631578947373,exp,0.2841504022467244
288,14.583333333333334,0.6473684210526316,0.22631578947368425,exp,0.2846519036934012
289,14.583333333333334,0.6473684210526316,0.24210526315789477,exp,0.28497082336322116
290,14.583333333333334,0.6473684210526316,0.2578947368421053,exp,0.286074425643294
291,14.583333333333334,0.6473684210526316,0.27368421052631586,exp,0.28633949121831354
292,14.583333333333334,0.6473684210526316,0.2894736842105263,exp,0.28775521722259345
293,14.583333333333334,0.6473684210526316,0.3052631578947369,exp,0.28871499089276836
294,14.583333333333334,0.6473684210526316,0.3210526315789474,exp,0.2910079807630997
295,14.583333333333334,0.6473684210526316,0.33684210526315794,exp,0.29152947418590197
296,14.583333333333334,0.6473684210526316,0.3526315789473685,exp,0.29315990061220926
297,14.583333333333334,0.6473684210526316,0.368421052631579,exp,0.2936838503583031
298,14.583333333333334,0.6473684210526316,0.38421052631578956,exp,0.2943215181440671
299,14.583333333333334,0.6473684210526316,0.4,exp,0.29531035926205645
300,14.583333333333334,0.6578947368421052,0.1,exp,0.27698158889275626
301,14.583333333333334,0.6578947368421052,0.11578947368421054,exp,0.2788003361808639
302,14.583333333333334,0.6578947368421052,0.13157894736842107,exp,0.279860844119233
303,14.583333333333334,0.6578947368421052,0.1473684210526316,exp,0.28105608267773213
304,14.583333333333334,0.6578947368421052,0.1631578947368421,exp,0.2816240316755666
305,14.583333333333334,0.6578947368421052,0.17894736842105266,exp,0.2813959603980665
306,14.583333333333334,0.6578947368421052,0.19473684210526318,exp,0.2828090883367296
307,14.583333333333334,0.6578947368421052,0.21052631578947373,exp,0.2830596281456908
308,14.583333333333334,0.6578947368421052,0.22631578947368425,exp,0.28370622482310465
309,14.583333333333334,0.6578947368421052,0.24210526315789477,exp,0.2843565999961747
310,14.583333333333334,0.6578947368421052,0.2578947368421053,exp,0.28455249513911585
311,14.583333333333334,0.6578947368421052,0.27368421052631586,exp,0.2861318781228918
312,14.583333333333334,0.6578947368421052,0.2894736842105263,exp,0.28678158829601197
313,14.583333333333334,0.6578947368421052,0.3052631578947369,exp,0.2874650616408363
314,14.583333333333334,0.6578947368421052,0.3210526315789474,exp,0.2885774698209913
315,14.583333333333334,0.6578947368421052,0.33684210526315794,exp,0.29114483453646567
316,14.583333333333334,0.6578947368421052,0.3526315789473685,exp,0.2914466200147373
317,14.583333333333334,0.6578947368421052,0.368421052631579,exp,0.2927646270818859
318,14.583333333333334,0.6578947368421052,0.38421052631578956,exp,0.29350640381407456
319,14.583333333333334,0.6578947368421052,0.4,exp,0.29450882282964164
320,14.583333333333334,0.6684210526315789,0.1,exp,0.27686442967251873
321,14.583333333333334,0.6684210526315789,0.11578947368421054,exp,0.2778342675482031
322,14.583333333333334,0.6684210526315789,0.13157894736842107,exp,0.27996096934300574
323,14.583333333333334,0.6684210526315789,0.1473684210526316,exp,0.2804825814063385
324,14.583333333333334,0.6684210526315789,0.1631578947368421,exp,0.2813341297280332
325,14.583333333333334,0.6684210526315789,0.17894736842105266,exp,0.28142930137703004
326,14.583333333333334,0.6684210526315789,0.19473684210526318,exp,0.28213192321292924
327,14.583333333333334,0.6684210526315789,0.21052631578947373,exp,0.28340280482041236
328,14.583333333333334,0.6684210526315789,0.22631578947368425,exp,0.2833801578857409
329,14.583333333333334,0.6684210526315789,0.24210526315789477,exp,0.2838878399528167
330,14.583333333333334,0.6684210526315789,0.2578947368421053,exp,0.2845831205788931
331,14.583333333333334,0.6684210526315789,0.27368421052631586,exp,0.2846114896104332
332,14.583333333333334,0.6684210526315789,0.2894736842105263,exp,0.28586909718291964
333,14.583333333333334,0.6684210526315789,0.3052631578947369,exp,0.2866559656396077
334,14.583333333333334,0.6684210526315789,0.3210526315789474,exp,0.28744850654484083
335,14.583333333333334,0.6684210526315789,0.33684210526315794,exp,0.2887303934813182
336,14.583333333333334,0.6684210526315789,0.3526315789473685,exp,0.2911937878899173
337,14.583333333333334,0.6684210526315789,0.368421052631579,exp,0.29150050243886194
338,14.583333333333334,0.6684210526315789,0.38421052631578956,exp,0.2929861307132671
339,14.583333333333334,0.6684210526315789,0.4,exp,0.29352442641979093
340,14.583333333333334,0.6789473684210526,0.1,exp,0.27710555528952036
341,14.583333333333334,0.6789473684210526,0.11578947368421054,exp,0.2775573849575118
342,14.583333333333334,0.6789473684210526,0.13157894736842107,exp,0.278238486551038
343,14.583333333333334,0.6789473684210526,0.1473684210526316,exp,0.28012860509410414
344,14.583333333333334,0.6789473684210526,0.1631578947368421,exp,0.2815509187463022
345,14.583333333333334,0.6789473684210526,0.17894736842105266,exp,0.28213292765262643
346,14.583333333333334,0.6789473684210526,0.19473684210526318,exp,0.2821984282386626
347,14.583333333333334,0.6789473684210526,0.21052631578947373,exp,0.28286000796402117
348,14.583333333333334,0.6789473684210526,0.22631578947368425,exp,0.2834185597496183
349,14.583333333333334,0.6789473684210526,0.24210526315789477,exp,0.2835500616124609
350,14.583333333333334,0.6789473684210526,0.2578947368421053,exp,0.2843764918684675
351,14.583333333333334,0.6789473684210526,0.27368421052631586,exp,0.2849919056494131
352,14.583333333333334,0.6789473684210526,0.2894736842105263,exp,0.2855869290000743
353,14.583333333333334,0.6789473684210526,0.3052631578947369,exp,0.2862536520490751
354,14.583333333333334,0.6789473684210526,0.3210526315789474,exp,0.2869361489313614
355,14.583333333333334,0.6789473684210526,0.33684210526315794,exp,0.28791515997408684
356,14.583333333333334,0.6789473684210526,0.3526315789473685,exp,0.28879491340216434
357,14.583333333333334,0.6789473684210526,0.368421052631579,exp,0.2911829856445494
358,14.583333333333334,0.6789473684210526,0.38421052631578956,exp,0.29127348895398775
359,14.583333333333334,0.6789473684210526,0.4,exp,0.29238009507262935
360,14.583333333333334,0.6894736842105262,0.1,exp,0.27663387205017137
361,14.583333333333334,0.6894736842105262,0.11578947368421054,exp,0.2769517221503633
362,14.583333333333334,0.6894736842105262,0.13157894736842107,exp,0.2776235758720117
363,14.583333333333334,0.6894736842105262,0.1473684210526316,exp,0.27897532350368365
364,14.583333333333334,0.6894736842105262,0.1631578947368421,exp,0.2803705468925851
365,14.583333333333334,0.6894736842105262,0.17894736842105266,exp,0.28135083006644823
366,14.583333333333334,0.6894736842105262,0.19473684210526318,exp,0.2816938088869357
367,14.583333333333334,0.6894736842105262,0.21052631578947373,exp,0.28181853006652735
368,14.583333333333334,0.6894736842105262,0.22631578947368425,exp,0.2825548438724701
369,14.583333333333334,0.6894736842105262,0.24210526315789477,exp,0.28376944200734827
370,14.583333333333334,0.6894736842105262,0.2578947368421053,exp,0.28406909275432934
371,14.583333333333334,0.6894736842105262,0.27368421052631586,exp,0.2848316090948271
372,14.583333333333334,0.6894736842105262,0.2894736842105263,exp,0.28483908393707313
373,14.583333333333334,0.6894736842105262,0.3052631578947369,exp,0.28577370362844295
374,14.583333333333334,0.6894736842105262,0.3210526315789474,exp,0.28603196485506954
375,14.583333333333334,0.6894736842105262,0.33684210526315794,exp,0.2869361489313614
376,14.583333333333334,0.6894736842105262,0.3526315789473685,exp,0.28777466684471276
377,14.583333333333334,0.6894736842105262,0.368421052631579,exp,0.2890055603137013
378,14.583333333333334,0.6894736842105262,0.38421052631578956,exp,0.29126422339263713
379,14.583333333333334,0.6894736842105262,0.4,exp,0.2920562197432551
380,14.583333333333334,0.7,0.1,exp,0.27583503438662693
381,14.583333333333334,0.7,0.11578947368421054,exp,0.2767897912522434
382,14.583333333333334,0.7,0.13157894736842107,exp,0.27695201658745316
383,14.583333333333334,0.7,0.1473684210526316,exp,0.27799384766096863
384,14.583333333333334,0.7,0.1631578947368421,exp,0.2792425935355805
385,14.583333333333334,0.7,0.17894736842105266,exp,0.28028816099705045
386,14.583333333333334,0.7,0.19473684210526318,exp,0.2813525904488315
387,14.583333333333334,0.7,0.21052631578947373,exp,0.2815110248633212
388,14.583333333333334,0.7,0.22631578947368425,exp,0.2815693796270655
389,14.583333333333334,0.7,0.24210526315789477,exp,0.28301687637125245
390,14.583333333333334,0.7,0.2578947368421053,exp,0.2832018243117029
391,14.583333333333334,0.7,0.27368421052631586,exp,0.2837033024470207
392,14.583333333333334,0.7,0.2894736842105263,exp,0.28430212809598565
393,14.583333333333334,0.7,0.3052631578947369,exp,0.28492387716842293
394,14.583333333333334,0.7,0.3210526315789474,exp,0.28591561727526976
395,14.583333333333334,0.7,0.33684210526315794,exp,0.28627800577609264
396,14.583333333333334,0.7,0.3526315789473685,exp,0.2872473141214193
397,14.583333333333334,0.7,0.368421052631579,exp,0.2877696687064056
398,14.583333333333334,0.7,0.38421052631578956,exp,0.28932279711938547
399,14.583333333333334,0.7,0.4,exp,0.2914078344460792
400,16.666666666666668,0.5,0.1,exp,0.2889294637695502
401,16.666666666666668,0.5,0.11578947368421054,exp,0.2901186235873394
402,16.666666666666668,0.5,0.13157894736842107,exp,0.2916934308951702
403,16.666666666666668,0.5,0.1473684210526316,exp,0.29488536906147145
404,16.666666666666668,0.5,0.1631578947368421,exp,0.2962878648130556
405,16.666666666666668,0.5,0.17894736842105266,exp,0.2973345879085858
406,16.666666666666668,0.5,0.19473684210526318,exp,0.29822589981967157
407,16.666666666666668,0.5,0.21052631578947373,exp,0.2992403795272581
408,16.666666666666668,0.5,0.22631578947368425,exp,0.29951153462332514
409,16.666666666666668,0.5,0.24210526315789477,exp,0.30087027171262065
410,16.666666666666668,0.5,0.2578947368421053,exp,0.30196447259085285
411,16.666666666666668,0.5,0.27368421052631586,exp,0.3040113272341115
412,16.666666666666668,0.5,0.2894736842105263,exp,0.30554700958975894
413,16.666666666666668,0.5,0.3052631578947369,exp,0.3067090200098478
414,16.666666666666668,0.5,0.3210526315789474,exp,0.30787686590578245
415,16.666666666666668,0.5,0.33684210526315794,exp,0.3082676365378874
416,16.666666666666668,0.5,0.3526315789473685,exp,0.30896003673443295
417,16.666666666666668,0.5,0.368421052631579,exp,0.311277663450081
418,16.666666666666668,0.5,0.38421052631578956,exp,0.3121205456838088
419,16.666666666666668,0.5,0.4,exp,0.3133677116001725
420,16.666666666666668,0.5105263157894737,0.1,exp,0.2879709780349276
421,16.666666666666668,0.5105263157894737,0.11578947368421054,exp,0.289217454392855
422,16.666666666666668,0.5105263157894737,0.13157894736842107,exp,0.29078011850890234
423,16.666666666666668,0.5105263157894737,0.1473684210526316,exp,0.2937932859673635
424,16.666666666666668,0.5105263157894737,0.1631578947368421,exp,0.29460782349705505
425,16.666666666666668,0.5105263157894737,0.17894736842105266,exp,0.2963175413456617
426,16.666666666666668,0.5105263157894737,0.19473684210526318,exp,0.29718255488458045
427,16.666666666666668,0.5105263157894737,0.21052631578947373,exp,0.2984002991987813
428,16.666666666666668,0.5105263157894737,0.22631578947368425,exp,0.29821364866277644
429,16.666666666666668,0.5105263157894737,0.24210526315789477,exp,0.2998297864436589
430,16.666666666666668,0.5105263157894737,0.2578947368421053,exp,0.30161127866174875
431,16.666666666666668,0.5105263157894737,0.27368421052631586,exp,0.3020291858502046
432,16.666666666666668,0.5105263157894737,0.2894736842105263,exp,0.3049636469845927
433,16.666666666666668,0.5105263157894737,0.3052631578947369,exp,0.3062158286651446
434,16.666666666666668,0.5105263157894737,0.3210526315789474,exp,0.3071684305204054
435,16.666666666666668,0.5105263157894737,0.33684210526315794,exp,0.30734126759723784
436,16.666666666666668,0.5105263157894737,0.3526315789473685,exp,0.3085563056774252
437,16.666666666666668,0.5105263157894737,0.368421052631579,exp,0.30943178994797677
438,16.666666666666668,0.5105263157894737,0.38421052631578956,exp,0.3114931893206985
439,16.666666666666668,0.5105263157894737,0.4,exp,0.3122337358423301
440,16.666666666666668,0.5210526315789473,0.1,exp,0.2876671428255634
441,16.666666666666668,0.5210526315789473,0.11578947368421054,exp,0.2885797023892316
442,16.666666666666668,0.5210526315789473,0.13157894736842107,exp,0.2897818741105533
443,16.666666666666668,0.5210526315789473,0.1473684210526316,exp,0.29042048436728785
444,16.666666666666668,0.5210526315789473,0.1631578947368421,exp,0.2940984141566764
445,16.666666666666668,0.5210526315789473,0.17894736842105266,exp,0.29509697627446146
446,16.666666666666668,0.5210526315789473,0.19473684210526318,exp,0.29620398739871306
447,16.666666666666668,0.5210526315789473,0.21052631578947373,exp,0.29674805376070096
448,16.666666666666668,0.5210526315789473,0.22631578947368425,exp,0.2982202241609985
449,16.666666666666668,0.5210526315789473,0.24210526315789477,exp,0.29858441604646907
450,16.666666666666668,0.5210526315789473,0.2578947368421053,exp,0.3002079260266473
451,16.666666666666668,0.5210526315789473,0.27368421052631586,exp,0.30112673660361833
452,16.666666666666668,0.5210526315789473,0.2894736842105263,exp,0.30210271655800064
453,16.666666666666668,0.5210526315789473,0.3052631578947369,exp,0.30392957281271016
454,16.666666666666668,0.5210526315789473,0.3210526315789474,exp,0.30621894285811885
455,16.666666666666668,0.5210526315789473,0.33684210526315794,exp,0.3071426866884332
456,16.666666666666668,0.5210526315789473,0.3526315789473685,exp,0.307162453053789
457,16.666666666666668,0.5210526315789473,0.368421052631579,exp,0.3087944640723875
458,16.666666666666668,0.5210526315789473,0.38421052631578956,exp,0.3097572868772047
459,16.666666666666668,0.5210526315789473,0.4,exp,0.3115706175897922
460,16.666666666666668,0.531578947368421,0.1,exp,0.28701485355815365
461,16.666666666666668,0.531578947368421,0.11578947368421054,exp,0.28822671023578383
462,16.666666666666668,0.531578947368421,0.13157894736842107,exp,0.28925042572866977
463,16.666666666666668,0.531578947368421,0.1473684210526316,exp,0.2902989120665288
464,16.666666666666668,0.531578947368421,0.1631578947368421,exp,0.29137472930476604
465,16.666666666666668,0.531578947368421,0.17894736842105266,exp,0.29395759984866326
466,16.666666666666668,0.531578947368421,0.19473684210526318,exp,0.2948492590594539
467,16.666666666666668,0.531578947368421,0.21052631578947373,exp,0.29564323312332424
468,16.666666666666668,0.531578947368421,0.22631578947368425,exp,0.29653167667072317
469,16.666666666666668,0.531578947368421,0.24210526315789477,exp,0.2958878945037749
470,16.666666666666668,0.531578947368421,0.2578947368421053,exp,0.2975916980820301
471,16.666666666666668,0.531578947368421,0.27368421052631586,exp,0.30023021372917497
472,16.666666666666668,0.531578947368421,0.2894736842105263,exp,0.3011689733835111
473,16.666666666666668,0.531578947368421,0.3052631578947369,exp,0.3017521991269117
474,16.666666666666668,0.531578947368421,0.3210526315789474,exp,0.3036815978849136
475,16.666666666666668,0.531578947368421,0.33684210526315794,exp,0.3052936629059076
476,16.666666666666668,0.531578947368421,0.3526315789473685,exp,0.30649924021567104
477,16.666666666666668,0.531578947368421,0.368421052631579,exp,0.3072336002141064
478,16.666666666666668,0.531578947368421,0.38421052631578956,exp,0.3085010289166969
479,16.666666666666668,0.531578947368421,0.4,exp,0.3094658169997666
480,16.666666666666668,0.5421052631578948,0.1,exp,0.28728870692646796
481,16.666666666666668,0.5421052631578948,0.11578947368421054,exp,0.28788502401309923
482,16.666666666666668,0.5421052631578948,0.13157894736842107,exp,0.28826627825568363
483,16.666666666666668,0.5421052631578948,0.1473684210526316,exp,0.28940924325203315
484,16.666666666666668,0.5421052631578948,0.1631578947368421,exp,0.29002389747382934
485,16.666666666666668,0.5421052631578948,0.17894736842105266,exp,0.29314825259912014
486,16.666666666666668,0.5421052631578948,0.19473684210526318,exp,0.2945121563493134
487,16.666666666666668,0.5421052631578948,0.21052631578947373,exp,0.2948217302971576
488,16.666666666666668,0.5421052631578948,0.22631578947368425,exp,0.29571114227427836
489,16.666666666666668,0.5421052631578948,0.24210526315789477,exp,0.2962893798988111
490,16.666666666666668,0.5421052631578948,0.2578947368421053,exp,0.2963326257703188
491,16.666666666666668,0.5421052631578948,0.27368421052631586,exp,0.29789181876450543
492,16.666666666666668,0.5421052631578948,0.2894736842105263,exp,0.2991822935579611
493,16.666666666666668,0.5421052631578948,0.3052631578947369,exp,0.3002566430878134
494,16.666666666666668,0.5421052631578948,0.3210526315789474,exp,0.30151627992682944
495,16.666666666666668,0.5421052631578948,0.33684210526315794,exp,0.30330129657339217
496,16.666666666666668,0.5421052631578948,0.3526315789473685,exp,0.3047093947158128
497,16.666666666666668,0.5421052631578948,0.368421052631579,exp,0.3056350409027229
498,16.666666666666668,0.5421052631578948,0.38421052631578956,exp,0.3068983904744841
499,16.666666666666668,0.5421052631578948,0.4,exp,0.3085962596318712
500,16.666666666666668,0.5526315789473684,0.1,exp,0.28638774072308554
501,16.666666666666668,0.5526315789473684,0.11578947368421054,exp,0.28750291038018017
502,16.666666666666668,0.5526315789473684,0.13157894736842107,exp,0.28884707362566786
503,16.666666666666668,0.5526315789473684,0.1473684210526316,exp,0.28917650711742593
504,16.666666666666668,0.5526315789473684,0.1631578947368421,exp,0.2901411822879616
505,16.666666666666668,0.5526315789473684,0.17894736842105266,exp,0.29070154598231157
506,16.666666666666668,0.5526315789473684,0.19473684210526318,exp,0.29331007432330086
507,16.666666666666668,0.5526315789473684,0.21052631578947373,exp,0.2944411682316448
508,16.666666666666668,0.5526315789473684,0.22631578947368425,exp,0.2954311810796188
509,16.666666666666668,0.5526315789473684,0.24210526315789477,exp,0.2961324369862305
510,16.666666666666668,0.5526315789473684,0.2578947368421053,exp,0.294987781859587
511,16.666666666666668,0.5526315789473684,0.27368421052631586,exp,0.2964408705818353
512,16.666666666666668,0.5526315789473684,0.2894736842105263,exp,0.2981723518216568
513,16.666666666666668,0.5526315789473684,0.3052631578947369,exp,0.29935662657090195
514,16.666666666666668,0.5526315789473684,0.3210526315789474,exp,0.3003179957862041
515,16.666666666666668,0.5526315789473684,0.33684210526315794,exp,0.30177285736277965
516,16.666666666666668,0.5526315789473684,0.3526315789473685,exp,0.30275638262563337
517,16.666666666666668,0.5526315789473684,0.368421052631579,exp,0.3041993904800638
518,16.666666666666668,0.5526315789473684,0.38421052631578956,exp,0.3044476246801465
519,16.666666666666668,0.5526315789473684,0.4,exp,0.30619968494896593
520,16.666666666666668,0.5631578947368421,0.1,exp,0.28554332467849625
521,16.666666666666668,0.5631578947368421,0.11578947368421054,exp,0.28649754073020967
522,16.666666666666668,0.5631578947368421,0.13157894736842107,exp,0.287654066751958
523,16.666666666666668,0.5631578947368421,0.1473684210526316,exp,0.28902041101626985
524,16.666666666666668,0.5631578947368421,0.1631578947368421,exp,0.2897330769549931
525,16.666666666666668,0.5631578947368421,0.17894736842105266,exp,0.2901141307954686
526,16.666666666666668,0.5631578947368421,0.19473684210526318,exp,0.29296057952743926
527,16.666666666666668,0.5631578947368421,0.21052631578947373,exp,0.2935186828364076
528,16.666666666666668,0.5631578947368421,0.22631578947368425,exp,0.29447578472481406
529,16.666666666666668,0.5631578947368421,0.24210526315789477,exp,0.2955627946421034
530,16.666666666666668,0.5631578947368421,0.2578947368421053,exp,0.29634737081652307
531,16.666666666666668,0.5631578947368421,0.27368421052631586,exp,0.29573939782392494
532,16.666666666666668,0.5631578947368421,0.2894736842105263,exp,0.2969284228874881
533,16.666666666666668,0.5631578947368421,0.3052631578947369,exp,0.29833803901156547
534,16.666666666666668,0.5631578947368421,0.3210526315789474,exp,0.29933415510767164
535,16.666666666666668,0.5631578947368421,0.33684210526315794,exp,0.3006538963665759
536,16.666666666666668,0.5631578947368421,0.3526315789473685,exp,0.30193879286469016
537,16.666666666666668,0.5631578947368421,0.368421052631579,exp,0.30251134872920554
538,16.666666666666668,0.5631578947368421,0.38421052631578956,exp,0.30385080977775675
539,16.666666666666668,0.5631578947368421,0.4,exp,0.3041530006885345
540,16.666666666666668,0.5736842105263158,0.1,exp,0.28502214046007307
541,16.666666666666668,0.5736842105263158,0.11578947368421054,exp,0.2861268362730733
542,16.666666666666668,0.5736842105263158,0.13157894736842107,exp,0.28727744988979975
543,16.666666666666668,0.5736842105263158,0.1473684210526316,exp,0.28890111446537936
544,16.666666666666668,0.5736842105263158,0.1631578947368421,exp,0.2892658224035498
545,16.666666666666668,0.5736842105263158,0.17894736842105266,exp,0.2899713343553714
546,16.666666666666668,0.5736842105263158,0.19473684210526318,exp,0.2902555101638003
547,16.666666666666668,0.5736842105263158,0.21052631578947373,exp,0.2927617036547335
548,16.666666666666668,0.5736842105263158,0.22631578947368425,exp,0.2932602351637901
549,16.666666666666668,0.5736842105263158,0.24210526315789477,exp,0.2940879372781431
550,16.666666666666668,0.5736842105263158,0.2578947368421053,exp,0.2948529404452001
551,16.666666666666668,0.5736842105263158,0.27368421052631586,exp,0.2948486626644375
552,16.666666666666668,0.5736842105263158,0.2894736842105263,exp,0.29599404737956847
553,16.666666666666668,0.5736842105263158,0.3052631578947369,exp,0.2970361094358683
554,16.666666666666668,0.5736842105263158,0.3210526315789474,exp,0.29854144901456053
555,16.666666666666668,0.5736842105263158,0.33684210526315794,exp,0.29980835477349516
556,16.666666666666668,0.5736842105263158,0.3526315789473685,exp,0.30059607268892863
557,16.666666666666668,0.5736842105263158,0.368421052631579,exp,0.30185315196534235
558,16.666666666666668,0.5736842105263158,0.38421052631578956,exp,0.3025964427463838
559,16.666666666666668,0.5736842105263158,0.4,exp,0.3044199858750698
560,16.666666666666668,0.5842105263157895,0.1,exp,0.28499573290851804
561,16.666666666666668,0.5842105263157895,0.11578947368421054,exp,0.2853531761440078
562,16.666666666666668,0.5842105263157895,0.13157894736842107,exp,0.28635879472233394
563,16.666666666666668,0.5842105263157895,0.1473684210526316,exp,0.2874052309317211
564,16.666666666666668,0.5842105263157895,0.1631578947368421,exp,0.28871398581804314
565,16.666666666666668,0.5842105263157895,0.17894736842105266,exp,0.2893724608423976
566,16.666666666666668,0.5842105263157895,0.19473684210526318,exp,0.28991057333101783
567,16.666666666666668,0.5842105263157895,0.21052631578947373,exp,0.2911031751945555
568,16.666666666666668,0.5842105263157895,0.22631578947368425,exp,0.2930647429197105
569,16.666666666666668,0.5842105263157895,0.24210526315789477,exp,0.29386613802611256
570,16.666666666666668,0.5842105263157895,0.2578947368421053,exp,0.2945792081163453
571,16.666666666666668,0.5842105263157895,0.27368421052631586,exp,0.2952302597183959
572,16.666666666666668,0.5842105263157895,0.2894736842105263,exp,0.2947229151285505
573,16.666666666666668,0.5842105263157895,0.3052631578947369,exp,0.29607575886661924
574,16.666666666666668,0.5842105263157895,0.3210526315789474,exp,0.29688219712582514
575,16.666666666666668,0.5842105263157895,0.33684210526315794,exp,0.2987645327271157
576,16.666666666666668,0.5842105263157895,0.3526315789473685,exp,0.29972637839187843
577,16.666666666666668,0.5842105263157895,0.368421052631579,exp,0.30076606013005946
578,16.666666666666668,0.5842105263157895,0.38421052631578956,exp,0.3020075577665378
579,16.666666666666668,0.5842105263157895,0.4,exp,0.30212657635447393
580,16.666666666666668,0.5947368421052631,0.1,exp,0.28377498559771913
581,16.666666666666668,0.5947368421052631,0.11578947368421054,exp,0.2850041304056887
582,16.666666666666668,0.5947368421052631,0.13157894736842107,exp,0.2859787272449448
583,16.666666666666668,0.5947368421052631,0.1473684210526316,exp,0.2868098849419867
584,16.666666666666668,0.5947368421052631,0.1631578947368421,exp,0.28818223105362956
585,16.666666666666668,0.5947368421052631,0.17894736842105266,exp,0.2890711621814115
586,16.666666666666668,0.5947368421052631,0.19473684210526318,exp,0.2898239767259306
587,16.666666666666668,0.5947368421052631,0.21052631578947373,exp,0.28992069962419
588,16.666666666666668,0.5947368421052631,0.22631578947368425,exp,0.29289155722701044
589,16.666666666666668,0.5947368421052631,0.24210526315789477,exp,0.2936296236034418
590,16.666666666666668,0.5947368421052631,0.2578947368421053,exp,0.2941377298201957
591,16.666666666666668,0.5947368421052631,0.27368421052631586,exp,0.29475221849696814
592,16.666666666666668,0.5947368421052631,0.2894736842105263,exp,0.29575313553538934
593,16.666666666666668,0.5947368421052631,0.3052631578947369,exp,0.29462914682732505
594,16.666666666666668,0.5947368421052631,0.3210526315789474,exp,0.29609369807133457
595,16.666666666666668,0.5947368421052631,0.33684210526315794,exp,0.29733396736232176
596,16.666666666666668,0.5947368421052631,0.3526315789473685,exp,0.2989668373398389
597,16.666666666666668,0.5947368421052631,0.368421052631579,exp,0.29967524010908836
598,16.666666666666668,0.5947368421052631,0.38421052631578956,exp,0.301275022524835
599,16.666666666666668,0.5947368421052631,0.4,exp,0.30170688138955476
600,16.666666666666668,0.6052631578947368,0.1,exp,0.2828970974415093
601,16.666666666666668,0.6052631578947368,0.11578947368421054,exp,0.2846307492649605
602,16.666666666666668,0.6052631578947368,0.13157894736842107,exp,0.28491058349756815
603,16.666666666666668,0.6052631578947368,0.1473684210526316,exp,0.2859095487595032
604,16.666666666666668,0.6052631578947368,0.1631578947368421,exp,0.28656548588723924
605,16.666666666666668,0.6052631578947368,0.17894736842105266,exp,0.2878852137461299
606,16.666666666666668,0.6052631578947368,0.19473684210526318,exp,0.2886511144675801
607,16.666666666666668,0.6052631578947368,0.21052631578947373,exp,0.2897411268178808
608,16.666666666666668,0.6052631578947368,0.22631578947368425,exp,0.2903336958403227
609,16.666666666666668,0.6052631578947368,0.24210526315789477,exp,0.2929789251772135
610,16.666666666666668,0.6052631578947368,0.2578947368421053,exp,0.2931571555021265
611,16.666666666666668,0.6052631578947368,0.27368421052631586,exp,0.29430808573315015
612,16.666666666666668,0.6052631578947368,0.2894736842105263,exp,0.2952086313403661
613,16.666666666666668,0.6052631578947368,0.3052631578947369,exp,0.2938582599380916
614,16.666666666666668,0.6052631578947368,0.3210526315789474,exp,0.2950268090332334
615,16.666666666666668,0.6052631578947368,0.33684210526315794,exp,0.2961016600846554
616,16.666666666666668,0.6052631578947368,0.3526315789473685,exp,0.2973951015878463
617,16.666666666666668,0.6052631578947368,0.368421052631579,exp,0.2992297218594424
618,16.666666666666668,0.6052631578947368,0.38421052631578956,exp,0.29970890067170386
619,16.666666666666668,0.6052631578947368,0.4,exp,0.301757465308194
620,16.666666666666668,0.6157894736842104,0.1,exp,0.28279593414294374
621,16.666666666666668,0.6157894736842104,0.11578947368421054,exp,0.2830524103153418
622,16.666666666666668,0.6157894736842104,0.13157894736842107,exp,0.2841374925090439
623,16.666666666666668,0.6157894736842104,0.1473684210526316,exp,0.2851223825566867
624,16.666666666666668,0.6157894736842104,0.1631578947368421,exp,0.28600794211947905
625,16.666666666666668,0.6157894736842104,0.17894736842105266,exp,0.2863993526021674
626,16.666666666666668,0.6157894736842104,0.19473684210526318,exp,0.28761046154790937
627,16.666666666666668,0.6157894736842104,0.21052631578947373,exp,0.2887686265308489
628,16.666666666666668,0.6157894736842104,0.22631578947368425,exp,0.2893741461155652
629,16.666666666666668,0.6157894736842104,0.24210526315789477,exp,0.2898535394223808
630,16.666666666666668,0.6157894736842104,0.2578947368421053,exp,0.29251053859850734
631,16.666666666666668,0.6157894736842104,0.27368421052631586,exp,0.293217666855508
632,16.666666666666668,0.6157894736842104,0.2894736842105263,exp,0.29383143124444466
633,16.666666666666668,0.6157894736842104,0.3052631578947369,exp,0.29441681652010976
634,16.666666666666668,0.6157894736842104,0.3210526315789474,exp,0.29314355835502076
635,16.666666666666668,0.6157894736842104,0.33684210526315794,exp,0.2944091584791569
636,16.666666666666668,0.6157894736842104,0.3526315789473685,exp,0.29559314854122454
637,16.666666666666668,0.6157894736842104,0.368421052631579,exp,0.2967694534046976
638,16.666666666666668,0.6157894736842104,0.38421052631578956,exp,0.29817368127052996
639,16.666666666666668,0.6157894736842104,0.4,exp,0.2991108810691294
640,16.666666666666668,0.6263157894736842,0.1,exp,0.2814441217923807
641,16.666666666666668,0.6263157894736842,0.11578947368421054,exp,0.2825002649834025
642,16.666666666666668,0.6263157894736842,0.13157894736842107,exp,0.2838266213792484
643,16.666666666666668,0.6263157894736842,0.1473684210526316,exp,0.2839386103521355
644,16.666666666666668,0.6263157894736842,0.1631578947368421,exp,0.2842613424884855
645,16.666666666666668,0.6263157894736842,0.17894736842105266,exp,0.2860951650309858
646,16.666666666666668,0.6263157894736842,0.19473684210526318,exp,0.2872764448806438
647,16.666666666666668,0.6263157894736842,0.21052631578947373,exp,0.28800650075290873
648,16.666666666666668,0.6263157894736842,0.22631578947368425,exp,0.2887744500828764
649,16.666666666666668,0.6263157894736842,0.24210526315789477,exp,0.2889092633664786
650,16.666666666666668,0.6263157894736842,0.2578947368421053,exp,0.2901818949947406
651,16.666666666666668,0.6263157894736842,0.27368421052631586,exp,0.2925872427081431
652,16.666666666666668,0.6263157894736842,0.2894736842105263,exp,0.293269373535302
653,16.666666666666668,0.6263157894736842,0.3052631578947369,exp,0.2939796211421013
654,16.666666666666668,0.6263157894736842,0.3210526315789474,exp,0.29473583768157197
655,16.666666666666668,0.6263157894736842,0.33684210526315794,exp,0.29370478064706085
656,16.666666666666668,0.6263157894736842,0.3526315789473685,exp,0.29484421764485336
657,16.666666666666668,0.6263157894736842,0.368421052631579,exp,0.2957943296305522
658,16.666666666666668,0.6263157894736842,0.38421052631578956,exp,0.29652736084438003
659,16.666666666666668,0.6263157894736842,0.4,exp,0.29806414774496215
660,16.666666666666668,0.6368421052631579,0.1,exp,0.2810128309995972
661,16.666666666666668,0.6368421052631579,0.11578947368421054,exp,0.2816579247835785
662,16.666666666666668,0.6368421052631579,0.13157894736842107,exp,0.2827474889432257
663,16.666666666666668,0.6368421052631579,0.1473684210526316,exp,0.2837777280261726
664,16.666666666666668,0.6368421052631579,0.1631578947368421,exp,0.2841380469332043
665,16.666666666666668,0.6368421052631579,0.17894736842105266,exp,0.28515842973436295
666,16.666666666666668,0.6368421052631579,0.19473684210526318,exp,0.28545834774756107
667,16.666666666666668,0.6368421052631579,0.21052631578947373,exp,0.28630775390894403
668,16.666666666666668,0.6368421052631579,0.22631578947368425,exp,0.287206383998226
669,16.666666666666668,0.6368421052631579,0.24210526315789477,exp,0.28844978380364417
670,16.666666666666668,0.6368421052631579,0.2578947368421053,exp,0.28867977386311394
671,16.666666666666668,0.6368421052631579,0.27368421052631586,exp,0.2893788204834204
672,16.666666666666668,0.6368421052631579,0.2894736842105263,exp,0.2916284999679465
673,16.666666666666668,0.6368421052631579,0.3052631578947369,exp,0.2930330931749055
674,16.666666666666668,0.6368421052631579,0.3210526315789474,exp,0.2940940853205322
675,16.666666666666668,0.6368421052631579,0.33684210526315794,exp,0.29284444803584153
676,16.666666666666668,0.6368421052631579,0.3526315789473685,exp,0.2936874509467006
677,16.666666666666668,0.6368421052631579,0.368421052631579,exp,0.29498943720541715
678,16.666666666666668,0.6368421052631579,0.38421052631578956,exp,0.295533611414936
679,16.666666666666668,0.6368421052631579,0.4,exp,0.2964360276634163
680,16.666666666666668,0.6473684210526316,0.1,exp,0.2804962984895197
681,16.666666666666668,0.6473684210526316,0.11578947368421054,exp,0.28140919507882567
682,16.666666666666668,0.6473684210526316,0.13157894736842107,exp,0.28169248578755574
683,16.666666666666668,0.6473684210526316,0.1473684210526316,exp,0.2828904919709888
684,16.666666666666668,0.6473684210526316,0.1631578947368421,exp,0.28371409500406203
685,16.666666666666668,0.6473684210526316,0.17894736842105266,exp,0.28463116139530353
686,16.666666666666668,0.6473684210526316,0.19473684210526318,exp,0.2853258999203399
687,16.666666666666668,0.6473684210526316,0.21052631578947373,exp,0.28580251840370846
688,16.666666666666668,0.6473684210526316,0.22631578947368425,exp,0.28666947728104797
689,16.666666666666668,0.6473684210526316,0.24210526315789477,exp,0.2868393275008277
690,16.666666666666668,0.6473684210526316,0.2578947368421053,exp,0.2882550535051076
691,16.666666666666668,0.6473684210526316,0.27368421052631586,exp,0.28924020972253467
692,16.666666666666668,0.6473684210526316,0.2894736842105263,exp,0.291284439972358
693,16.666666666666668,0.6473684210526316,0.3052631578947369,exp,0.2918059333951603
694,16.666666666666668,0.6473684210526316,0.3210526315789474,exp,0.29340746852785976
695,16.666666666666668,0.6473684210526316,0.33684210526315794,exp,0.2940163180282321
696,16.666666666666668,0.6473684210526316,0.3526315789473685,exp,0.292654987612441
697,16.666666666666668,0.6473684210526316,0.368421052631579,exp,0.2938288379065993
698,16.666666666666668,0.6473684210526316,0.38421052631578956,exp,0.2955121201969073
699,16.666666666666668,0.6473684210526316,0.4,exp,0.29600197829842106
700,16.666666666666668,0.6578947368421052,0.1,exp,0.2802069044284994
701,16.666666666666668,0.6578947368421052,0.11578947368421054,exp,0.28131885404673235
702,16.666666666666668,0.6578947368421052,0.13157894736842107,exp,0.2819386723599877
703,16.666666666666668,0.6578947368421052,0.1473684210526316,exp,0.28205958888822286
704,16.666666666666668,0.6578947368421052,0.1631578947368421,exp,0.2832829635062028
705,16.666666666666668,0.6578947368421052,0.17894736842105266,exp,0.28354038729427
706,16.666666666666668,0.6578947368421052,0.19473684210526318,exp,0.28418698397168385
707,16.666666666666668,0.6578947368421052,0.21052631578947373,exp,0.2850305962231134
708,16.666666666666668,0.6578947368421052,0.22631578947368425,exp,0.2855362872175134
709,16.666666666666668,0.6578947368421052,0.24210526315789477,exp,0.2868917015517152
710,16.666666666666668,0.6578947368421052,0.2578947368421053,exp,0.2874812641051296
711,16.666666666666668,0.6578947368421052,0.27368421052631586,exp,0.28800476219870075
712,16.666666666666668,0.6578947368421052,0.2894736842105263,exp,0.2891420446777772
713,16.666666666666668,0.6578947368421052,0.3052631578947369,exp,0.2915577797126598
714,16.666666666666668,0.6578947368421052,0.3210526315789474,exp,0.29192270658625274
715,16.666666666666668,0.6578947368421052,0.33684210526315794,exp,0.2931376947286741
716,16.666666666666668,0.6578947368421052,0.3526315789473685,exp,0.2933241869083477
717,16.666666666666668,0.6578947368421052,0.368421052631579,exp,0.29257280410409386
718,16.666666666666668,0.6578947368421052,0.38421052631578956,exp,0.29323188755302154
719,16.666666666666668,0.6578947368421052,0.4,exp,0.2946634010730265
720,16.666666666666668,0.6684210526315789,0.1,exp,0.28020972388637255
721,16.666666666666668,0.6684210526315789,0.11578947368421054,exp,0.28104673651121953
722,16.666666666666668,0.6684210526315789,0.13157894736842107,exp,0.28167732061401496
723,16.666666666666668,0.6684210526315789,0.1473684210526316,exp,0.2819218206995375
724,16.666666666666668,0.6684210526315789,0.1631578947368421,exp,0.2827955517030856
725,16.666666666666668,0.6684210526315789,0.17894736842105266,exp,0.2838553560873055
726,16.666666666666668,0.6684210526315789,0.19473684210526318,exp,0.28386091703432004
727,16.666666666666668,0.6684210526315789,0.21052631578947373,exp,0.2844495645504559
728,16.666666666666668,0.6684210526315789,0.22631578947368425,exp,0.28533808225489177
729,16.666666666666668,0.6684210526315789,0.24210526315789477,exp,0.2859214805444413
730,16.666666666666668,0.6684210526315789,0.2578947368421053,exp,0.28640374860400597
731,16.666666666666668,0.6684210526315789,0.27368421052631586,exp,0.2874396750621707
732,16.666666666666668,0.6684210526315789,0.2894736842105263,exp,0.28826578975599365
733,16.666666666666668,0.6684210526315789,0.3052631578947369,exp,0.2892708765299429
734,16.666666666666668,0.6684210526315789,0.3210526315789474,exp,0.29166717829683525
735,16.666666666666668,0.6684210526315789,0.33684210526315794,exp,0.2915164528875362
736,16.666666666666668,0.6684210526315789,0.3526315789473685,exp,0.2932543435839204
737,16.666666666666668,0.6684210526315789,0.368421052631579,exp,0.29212679028349153
738,16.666666666666668,0.6684210526315789,0.38421052631578956,exp,0.29237590047291206
739,16.666666666666668,0.6684210526315789,0.4,exp,0.29326037914011105
740,16.666666666666668,0.6789473684210526,0.1,exp,0.2791171137227343
741,16.666666666666668,0.6789473684210526,0.11578947368421054,exp,0.2804455134711044
742,16.666666666666668,0.6789473684210526,0.13157894736842107,exp,0.2819779038337252
743,16.666666666666668,0.6789473684210526,0.1473684210526316,exp,0.28255991274004943
744,16.666666666666668,0.6789473684210526,0.1631578947368421,exp,0.28269094756117
745,16.666666666666668,0.6789473684210526,0.17894736842105266,exp,0.2836238003587486
746,16.666666666666668,0.6789473684210526,0.19473684210526318,exp,0.28386207737425995
747,16.666666666666668,0.6789473684210526,0.21052631578947373,exp,0.2840308207610401
748,16.666666666666668,0.6789473684210526,0.22631578947368425,exp,0.28492300676231563
749,16.666666666666668,0.6789473684210526,0.24210526315789477,exp,0.2858166295756629
750,16.666666666666668,0.6789473684210526,0.2578947368421053,exp,0.2863530898054772
751,16.666666666666668,0.6789473684210526,0.27368421052631586,exp,0.286848703686829
752,16.666666666666668,0.6789473684210526,0.2894736842105263,exp,0.28809584496540863
753,16.666666666666668,0.6789473684210526,0.3052631578947369,exp,0.2888560220285417
754,16.666666666666668,0.6789473684210526,0.3210526315789474,exp,0.289335396450789
755,16.666666666666668,0.6789473684210526,0.33684210526315794,exp,0.2916997370491172
756,16.666666666666668,0.6789473684210526,0.3526315789473685,exp,0.29166832368683016
757,16.666666666666668,0.6789473684210526,0.368421052631579,exp,0.2929527900816748
758,16.666666666666668,0.6789473684210526,0.38421052631578956,exp,0.29204753786859894
759,16.666666666666668,0.6789473684210526,0.4,exp,0.29309538188519824
760,16.666666666666668,0.6894736842105262,0.1,exp,0.27866700507193354
761,16.666666666666668,0.6894736842105262,0.11578947368421054,exp,0.2794692530999977
762,16.666666666666668,0.6894736842105262,0.13157894736842107,exp,0.28077519272756507
763,16.666666666666668,0.6894736842105262,0.1473684210526316,exp,0.28177781515387124
764,16.666666666666668,0.6894736842105262,0.1631578947368421,exp,0.28218632820944306
765,16.666666666666668,0.6894736842105262,0.17894736842105266,exp,0.28248215855668374
766,16.666666666666668,0.6894736842105262,0.19473684210526318,exp,0.2834917662643657
767,16.666666666666668,0.6894736842105262,0.21052631578947373,exp,0.2841636959656161
768,16.666666666666668,0.6894736842105262,0.22631578947368425,exp,0.28467126269632814
769,16.666666666666668,0.6894736842105262,0.24210526315789477,exp,0.2855996327025391
770,16.666666666666668,0.6894736842105262,0.2578947368421053,exp,0.2856203680274955
771,16.666666666666668,0.6894736842105262,0.27368421052631586,exp,0.28645254946763815
772,16.666666666666668,0.6894736842105262,0.2894736842105263,exp,0.28711137332888415
773,16.666666666666668,0.6894736842105262,0.3052631578947369,exp,0.2878410492002544
774,16.666666666666668,0.6894736842105262,0.3210526315789474,exp,0.28859195005586563
775,16.666666666666668,0.6894736842105262,0.33684210526315794,exp,0.28938066579261296
776,16.666666666666668,0.6894736842105262,0.3526315789473685,exp,0.29178097479720494
777,16.666666666666668,0.6894736842105262,0.368421052631579,exp,0.29186774505195756
778,16.666666666666668,0.6894736842105262,0.38421052631578956,exp,0.2932106426385422
779,16.666666666666668,0.6894736842105262,0.4,exp,0.292073325826018
780,16.666666666666668,0.7,0.1,exp,0.27812236935720513
781,16.666666666666668,0.7,0.11578947368421054,exp,0.2786927841115534
782,16.666666666666668,0.7,0.13157894736842107,exp,0.2798411017126116
783,16.666666666666668,0.7,0.1473684210526316,exp,0.28084490386994054
784,16.666666666666668,0.7,0.1631578947368421,exp,0.28169085226414015
785,16.666666666666668,0.7,0.17894736842105266,exp,0.281907807216314
786,16.666666666666668,0.7,0.19473684210526318,exp,0.2826693787439039
787,16.666666666666668,0.7,0.21052631578947373,exp,0.28368050486140883
788,16.666666666666668,0.7,0.22631578947368425,exp,0.28366827827296653
789,16.666666666666668,0.7,0.24210526315789477,exp,0.28427505663194236
790,16.666666666666668,0.7,0.2578947368421053,exp,0.28513150283891886
791,16.666666666666668,0.7,0.27368421052631586,exp,0.28560030648271023
792,16.666666666666668,0.7,0.2894736842105263,exp,0.2865106689130237
793,16.666666666666668,0.7,0.3052631578947369,exp,0.2870398432894661
794,16.666666666666668,0.7,0.3210526315789474,exp,0.2881522143903123
795,16.666666666666668,0.7,0.33684210526315794,exp,0.2886992963205603
796,16.666666666666668,0.7,0.3526315789473685,exp,0.28969790259829714
797,16.666666666666668,0.7,0.368421052631579,exp,0.291924585850647
798,16.666666666666668,0.7,0.38421052631578956,exp,0.29174443882930534
799,16.666666666666668,0.7,0.4,exp,0.292814514019155
