,L,mu,theta,forget_func,jaccard_sim,rbo
0,7.0,0.2,0.1,exp,0.3076923076923077,0.3347354497354497
1,7.0,0.2,0.1,pow,0.2727272727272727,0.29413485252946037
2,7.0,0.2,0.166667,exp,0.3333333333333333,0.34680896484467916
3,7.0,0.2,0.166667,pow,0.2631578947368421,0.292494298572085
4,7.0,0.3,0.1,exp,0.2903225806451613,0.33147444635333906
5,7.0,0.3,0.1,pow,0.2857142857142857,0.30436948582552975
6,7.0,0.3,0.166667,exp,0.3090185676392573,0.3364136904761904
7,7.0,0.3,0.166667,pow,0.2727272727272727,0.2962483201322487
8,7.0,0.3,0.2,exp,0.3333333333333333,0.33850550243407385
9,7.0,0.3,0.2,pow,0.27636363636363637,0.2966666666666667
10,7.0,0.4,0.1,exp,0.2727272727272727,0.3160216808654309
11,7.0,0.4,0.1,pow,0.2857142857142857,0.3051124338624338
12,7.0,0.4,0.166667,exp,0.28801843317972353,0.32591490299823633
13,7.0,0.4,0.166667,pow,0.2922201138519924,0.30727545891608393
14,7.0,0.4,0.2,exp,0.2903225806451613,0.33018128050411744
15,7.0,0.4,0.2,pow,0.2922201138519924,0.3048060201906355
16,7.0,0.4,0.3,exp,0.3333333333333333,0.3364136904761904
17,7.0,0.4,0.3,pow,0.29411764705882354,0.30548234316423173
18,7.0,0.5,0.1,exp,0.2727272727272727,0.3076895500333
19,7.0,0.5,0.1,pow,0.2857142857142857,0.30957669314812175
20,7.0,0.5,0.166667,exp,0.27636363636363637,0.3114399092970521
21,7.0,0.5,0.166667,pow,0.29411764705882354,0.31292349683555176
22,7.0,0.5,0.2,exp,0.2727272727272727,0.31488195446528777
23,7.0,0.5,0.2,pow,0.29411764705882354,0.3138957209848593
24,7.0,0.5,0.3,exp,0.2903225806451613,0.3236994776057276
25,7.0,0.5,0.3,pow,0.3,0.3098178749784787
26,7.0,0.5,0.4,exp,0.3090185676392573,0.33304942843805474
27,7.0,0.5,0.4,pow,0.30434782608695654,0.30957669314812175
28,7.0,0.6,0.1,exp,0.26969696969696966,0.3089095428381143
29,7.0,0.6,0.1,pow,0.28285714285714286,0.31016957097686265
30,7.0,0.6,0.166667,exp,0.26969696969696966,0.3088985088985089
31,7.0,0.6,0.166667,pow,0.2857142857142857,0.3085650873939126
32,7.0,0.6,0.2,exp,0.2727272727272727,0.3088985088985089
33,7.0,0.6,0.2,pow,0.2857142857142857,0.31272156530964346
34,7.0,0.6,0.3,exp,0.2857142857142857,0.3114399092970521
35,7.0,0.6,0.3,pow,0.3060200668896321,0.3166269841269841
36,7.0,0.6,0.4,exp,0.2857142857142857,0.3168652525484039
37,7.0,0.6,0.4,pow,0.3103448275862069,0.3173664629021772
38,7.0,0.6,0.5,exp,0.3090185676392573,0.32410870379620377
39,7.0,0.6,0.5,pow,0.3103448275862069,0.3173664629021772
40,7.0,0.7,0.1,exp,0.26666666666666666,0.3054318432889861
41,7.0,0.7,0.1,pow,0.2727272727272727,0.3052314550528836
42,7.0,0.7,0.166667,exp,0.26666666666666666,0.30788660413660407
43,7.0,0.7,0.166667,pow,0.2727272727272727,0.30659828019203017
44,7.0,0.7,0.2,exp,0.26666666666666666,0.30788660413660407
45,7.0,0.7,0.2,pow,0.2857142857142857,0.3126227629017807
46,7.0,0.7,0.3,exp,0.2727272727272727,0.3098683461529431
47,7.0,0.7,0.3,pow,0.2903225806451613,0.3112244897959183
48,7.0,0.7,0.4,exp,0.2727272727272727,0.31093130499960997
49,7.0,0.7,0.4,pow,0.3060200668896321,0.315721142100888
50,7.0,0.7,0.5,exp,0.2857142857142857,0.3144774689045522
51,7.0,0.7,0.5,pow,0.3076923076923077,0.3177257861186433
52,7.0,0.7,0.6,exp,0.29411764705882354,0.32156084656084655
53,7.0,0.7,0.6,pow,0.3103448275862069,0.3187830687830688
54,7.0,0.8,0.1,exp,0.25,0.30377821201997024
55,7.0,0.8,0.1,pow,0.2631578947368421,0.30058893927941543
56,7.0,0.8,0.166667,exp,0.2631578947368421,0.3060442354961257
57,7.0,0.8,0.166667,pow,0.26969696969696966,0.3023938201221855
58,7.0,0.8,0.2,exp,0.2649122807017544,0.3060442354961257
59,7.0,0.8,0.2,pow,0.2727272727272727,0.30353961150640685
60,7.0,0.8,0.3,exp,0.26666666666666666,0.3052623057856246
61,7.0,0.8,0.3,pow,0.2727272727272727,0.3079697881483595
62,7.0,0.8,0.4,exp,0.26666666666666666,0.3102797995655139
63,7.0,0.8,0.4,pow,0.2857142857142857,0.3100313377099092
64,7.0,0.8,0.5,exp,0.2727272727272727,0.3108502600524936
65,7.0,0.8,0.5,pow,0.2857142857142857,0.3137644268911873
66,7.0,0.8,0.6,exp,0.2727272727272727,0.3144774689045522
67,7.0,0.8,0.6,pow,0.2922201138519924,0.3222224878799273
68,7.0,0.9,0.1,exp,0.25,0.2957646053198938
69,7.0,0.9,0.1,pow,0.25,0.29981016364616864
70,7.0,0.9,0.166667,exp,0.25,0.29600304209679207
71,7.0,0.9,0.166667,pow,0.25925925925925924,0.29866355615398305
72,7.0,0.9,0.2,exp,0.25,0.2973405735810005
73,7.0,0.9,0.2,pow,0.2631578947368421,0.3000081502819506
74,7.0,0.9,0.3,exp,0.25,0.30134910283719807
75,7.0,0.9,0.3,pow,0.2631578947368421,0.30230127185255395
76,7.0,0.9,0.4,exp,0.25462962962962965,0.30378624351838635
77,7.0,0.9,0.4,pow,0.2727272727272727,0.303880015562521
78,7.0,0.9,0.5,exp,0.26666666666666666,0.3022962832466045
79,7.0,0.9,0.5,pow,0.2727272727272727,0.3055766739571356
80,7.0,0.9,0.6,exp,0.2631578947368421,0.3026382843347129
81,7.0,0.9,0.6,pow,0.2727272727272727,0.30953626400054973
82,7.0,1.0,0.1,exp,0.25,0.28474489300382155
83,7.0,1.0,0.1,pow,0.25,0.28089717737153636
84,7.0,1.0,0.166667,exp,0.25,0.28474489300382155
85,7.0,1.0,0.166667,pow,0.25,0.28089717737153636
86,7.0,1.0,0.2,exp,0.25,0.28474489300382155
87,7.0,1.0,0.2,pow,0.25,0.28089717737153636
88,7.0,1.0,0.3,exp,0.25,0.28474489300382155
89,7.0,1.0,0.3,pow,0.25,0.28089717737153636
90,7.0,1.0,0.4,exp,0.25,0.28474489300382155
91,7.0,1.0,0.4,pow,0.25,0.28089717737153636
92,7.0,1.0,0.5,exp,0.25,0.28474489300382155
93,7.0,1.0,0.5,pow,0.25,0.28089717737153636
94,7.0,1.0,0.6,exp,0.25,0.28474489300382155
95,7.0,1.0,0.6,pow,0.25,0.28089717737153636
96,14.0,0.2,0.1,exp,0.3333333333333333,0.34341742867447267
97,14.0,0.2,0.1,pow,0.2727272727272727,0.2933641975308642
98,14.0,0.2,0.166667,exp,0.3333333333333333,0.3523064429963219
99,14.0,0.2,0.166667,pow,0.2631578947368421,0.2924998561820938
100,14.0,0.3,0.1,exp,0.3333333333333333,0.3364136904761904
101,14.0,0.3,0.1,pow,0.28285714285714286,0.3004291175626053
102,14.0,0.3,0.166667,exp,0.3333333333333333,0.34072436161721875
103,14.0,0.3,0.166667,pow,0.28,0.296544943152086
104,14.0,0.3,0.2,exp,0.3333333333333333,0.34207451499118163
105,14.0,0.3,0.2,pow,0.28,0.2978132219947235
106,14.0,0.4,0.1,exp,0.3021739130434783,0.3333333333333333
107,14.0,0.4,0.1,pow,0.29411764705882354,0.30600137842621955
108,14.0,0.4,0.166667,exp,0.3076923076923077,0.33366301233488727
109,14.0,0.4,0.166667,pow,0.2922201138519924,0.3065576949505521
110,14.0,0.4,0.2,exp,0.3103448275862069,0.3367396294182008
111,14.0,0.4,0.2,pow,0.2857142857142857,0.3048060201906355
112,14.0,0.4,0.3,exp,0.3333333333333333,0.3400762927548642
113,14.0,0.4,0.3,pow,0.29411764705882354,0.30548234316423173
114,14.0,0.5,0.1,exp,0.2857142857142857,0.321902898688613
115,14.0,0.5,0.1,pow,0.2903225806451613,0.31545855379188714
116,14.0,0.5,0.166667,exp,0.2922201138519924,0.32830245071897
117,14.0,0.5,0.166667,pow,0.2922201138519924,0.31473055782951614
118,14.0,0.5,0.2,exp,0.3021739130434783,0.33123225980368837
119,14.0,0.5,0.2,pow,0.29411764705882354,0.31041232205294705
120,14.0,0.5,0.3,exp,0.3076923076923077,0.33351190476190473
121,14.0,0.5,0.3,pow,0.3,0.3098178749784787
122,14.0,0.5,0.4,exp,0.3333333333333333,0.3364136904761904
123,14.0,0.5,0.4,pow,0.30434782608695654,0.30957669314812175
124,14.0,0.6,0.1,exp,0.2792207792207792,0.3144774689045522
125,14.0,0.6,0.1,pow,0.28801843317972353,0.3111929957168052
126,14.0,0.6,0.166667,exp,0.2857142857142857,0.31737188876932587
127,14.0,0.6,0.166667,pow,0.29705882352941176,0.3132873519778281
128,14.0,0.6,0.2,exp,0.2857142857142857,0.31737188876932587
129,14.0,0.6,0.2,pow,0.3,0.3138957209848593
130,14.0,0.6,0.3,exp,0.29411764705882354,0.3214081346893847
131,14.0,0.6,0.3,pow,0.3060200668896321,0.31666666666666665
132,14.0,0.6,0.4,exp,0.3076923076923077,0.32570436507936507
133,14.0,0.6,0.4,pow,0.3103448275862069,0.3173664629021772
134,14.0,0.6,0.5,exp,0.3333333333333333,0.32756414881414886
135,14.0,0.6,0.5,pow,0.3103448275862069,0.3173664629021772
136,14.0,0.7,0.1,exp,0.2727272727272727,0.3146583451270951
137,14.0,0.7,0.1,pow,0.28285714285714286,0.3098709102157158
138,14.0,0.7,0.166667,exp,0.2727272727272727,0.3159326982541268
139,14.0,0.7,0.166667,pow,0.2857142857142857,0.3136349097004624
140,14.0,0.7,0.2,exp,0.2727272727272727,0.3172923505066362
141,14.0,0.7,0.2,pow,0.28801843317972353,0.3146452202999822
142,14.0,0.7,0.3,exp,0.2857142857142857,0.32190289868861294
143,14.0,0.7,0.3,pow,0.3,0.3158767415075465
144,14.0,0.7,0.4,exp,0.2857142857142857,0.32312439544582394
145,14.0,0.7,0.4,pow,0.3060200668896321,0.3164317021806431
146,14.0,0.7,0.5,exp,0.29705882352941176,0.3244736017950303
147,14.0,0.7,0.5,pow,0.3076923076923077,0.314747993712132
148,14.0,0.7,0.6,exp,0.3090185676392573,0.32813943001443
149,14.0,0.7,0.6,pow,0.3103448275862069,0.3187830687830688
150,14.0,0.8,0.1,exp,0.2727272727272727,0.3108502600524936
151,14.0,0.8,0.1,pow,0.2727272727272727,0.3098683461529431
152,14.0,0.8,0.166667,exp,0.2727272727272727,0.31475343724472976
153,14.0,0.8,0.166667,pow,0.2727272727272727,0.3065301755529065
154,14.0,0.8,0.2,exp,0.2727272727272727,0.3160811274117057
155,14.0,0.8,0.2,pow,0.2727272727272727,0.30838167784596354
156,14.0,0.8,0.3,exp,0.2727272727272727,0.31751343894201034
157,14.0,0.8,0.3,pow,0.28,0.3108206417700645
158,14.0,0.8,0.4,exp,0.2792207792207792,0.320716870597869
159,14.0,0.8,0.4,pow,0.2857142857142857,0.31249370118417735
160,14.0,0.8,0.5,exp,0.2857142857142857,0.3222222222222222
161,14.0,0.8,0.5,pow,0.29411764705882354,0.31530014218094715
162,14.0,0.8,0.6,exp,0.2903225806451613,0.32639329805996475
163,14.0,0.8,0.6,pow,0.29411764705882354,0.32059891052375167
164,14.0,0.9,0.1,exp,0.2727272727272727,0.3034886441470599
165,14.0,0.9,0.1,pow,0.26666666666666666,0.30240109757966893
166,14.0,0.9,0.166667,exp,0.2727272727272727,0.3060442354961257
167,14.0,0.9,0.166667,pow,0.2727272727272727,0.3049556759378188
168,14.0,0.9,0.2,exp,0.2727272727272727,0.30702906140986636
169,14.0,0.9,0.2,pow,0.2727272727272727,0.3062934769953672
170,14.0,0.9,0.3,exp,0.2727272727272727,0.3074266994860759
171,14.0,0.9,0.3,pow,0.2727272727272727,0.3066865079365079
172,14.0,0.9,0.4,exp,0.2727272727272727,0.3102797995655139
173,14.0,0.9,0.4,pow,0.2727272727272727,0.3066865079365079
174,14.0,0.9,0.5,exp,0.2727272727272727,0.3130379188712522
175,14.0,0.9,0.5,pow,0.2727272727272727,0.3104525434882578
176,14.0,0.9,0.6,exp,0.2727272727272727,0.31421835413674537
177,14.0,0.9,0.6,pow,0.2857142857142857,0.31157573268730687
178,14.0,1.0,0.1,exp,0.2631578947368421,0.2953916730092233
179,14.0,1.0,0.1,pow,0.2631578947368421,0.2944355817793318
180,14.0,1.0,0.166667,exp,0.2631578947368421,0.2953916730092233
181,14.0,1.0,0.166667,pow,0.2631578947368421,0.2944355817793318
182,14.0,1.0,0.2,exp,0.2631578947368421,0.2953916730092233
183,14.0,1.0,0.2,pow,0.2631578947368421,0.2944355817793318
184,14.0,1.0,0.3,exp,0.2631578947368421,0.2953916730092233
185,14.0,1.0,0.3,pow,0.2631578947368421,0.2944355817793318
186,14.0,1.0,0.4,exp,0.2631578947368421,0.2953916730092233
187,14.0,1.0,0.4,pow,0.2631578947368421,0.2944355817793318
188,14.0,1.0,0.5,exp,0.2631578947368421,0.2953916730092233
189,14.0,1.0,0.5,pow,0.2631578947368421,0.2944355817793318
190,14.0,1.0,0.6,exp,0.2631578947368421,0.2953916730092233
191,14.0,1.0,0.6,pow,0.2631578947368421,0.2944355817793318
192,21.0,0.2,0.1,exp,0.3333333333333333,0.34564040660194506
193,21.0,0.2,0.1,pow,0.2727272727272727,0.2933641975308642
194,21.0,0.2,0.166667,exp,0.3333333333333333,0.35581349206349205
195,21.0,0.2,0.166667,pow,0.2631578947368421,0.2922479035491888
196,21.0,0.3,0.1,exp,0.3333333333333333,0.3406075956671195
197,21.0,0.3,0.1,pow,0.28285714285714286,0.29932892234028596
198,21.0,0.3,0.166667,exp,0.3333333333333333,0.34207451499118163
199,21.0,0.3,0.166667,pow,0.28,0.2966666666666667
200,21.0,0.3,0.2,exp,0.3333333333333333,0.3434993132801668
201,21.0,0.3,0.2,pow,0.28,0.2978132219947235
202,21.0,0.4,0.1,exp,0.3076923076923077,0.33358493243942156
203,21.0,0.4,0.1,pow,0.2857142857142857,0.30835051916213607
204,21.0,0.4,0.166667,exp,0.3333333333333333,0.3376572898001469
205,21.0,0.4,0.166667,pow,0.2922201138519924,0.3048060201906355
206,21.0,0.4,0.2,exp,0.3333333333333333,0.3400386320029176
207,21.0,0.4,0.2,pow,0.28801843317972353,0.3048060201906355
208,21.0,0.4,0.3,exp,0.3333333333333333,0.3435130070546737
209,21.0,0.4,0.3,pow,0.29705882352941176,0.3051124338624338
210,21.0,0.5,0.1,exp,0.29411764705882354,0.32830245071897
211,21.0,0.5,0.1,pow,0.2903225806451613,0.3138957209848593
212,21.0,0.5,0.166667,exp,0.30434782608695654,0.3333333333333333
213,21.0,0.5,0.166667,pow,0.29411764705882354,0.3114087301587301
214,21.0,0.5,0.2,exp,0.3076923076923077,0.3333333333333333
215,21.0,0.5,0.2,pow,0.29411764705882354,0.3139077012418996
216,21.0,0.5,0.3,exp,0.3333333333333333,0.3342629592629593
217,21.0,0.5,0.3,pow,0.3,0.3090853590853591
218,21.0,0.5,0.4,exp,0.3333333333333333,0.3364136904761904
219,21.0,0.5,0.4,pow,0.30434782608695654,0.3105332167832168
220,21.0,0.6,0.1,exp,0.2857142857142857,0.3166668398499912
221,21.0,0.6,0.1,pow,0.2903225806451613,0.3146452202999822
222,21.0,0.6,0.166667,exp,0.2903225806451613,0.32030555343635836
223,21.0,0.6,0.166667,pow,0.29705882352941176,0.31473055782951614
224,21.0,0.6,0.2,exp,0.29411764705882354,0.32330956493902924
225,21.0,0.6,0.2,pow,0.29411764705882354,0.31473055782951614
226,21.0,0.6,0.3,exp,0.3090185676392573,0.3247921696359196
227,21.0,0.6,0.3,pow,0.30434782608695654,0.3174389480185328
228,21.0,0.6,0.4,exp,0.3333333333333333,0.32570436507936507
229,21.0,0.6,0.4,pow,0.3103448275862069,0.31773671212623267
230,21.0,0.6,0.5,exp,0.3333333333333333,0.32756414881414886
231,21.0,0.6,0.5,pow,0.3103448275862069,0.3173664629021772
232,21.0,0.7,0.1,exp,0.2857142857142857,0.3172923505066362
233,21.0,0.7,0.1,pow,0.2857142857142857,0.31202169439008287
234,21.0,0.7,0.166667,exp,0.2857142857142857,0.31739651717330286
235,21.0,0.7,0.166667,pow,0.2903225806451613,0.3146452202999822
236,21.0,0.7,0.2,exp,0.2857142857142857,0.32156084656084655
237,21.0,0.7,0.2,pow,0.29411764705882354,0.31536497896453397
238,21.0,0.7,0.3,exp,0.2903225806451613,0.32312439544582394
239,21.0,0.7,0.3,pow,0.29705882352941176,0.3134082628130247
240,21.0,0.7,0.4,exp,0.29411764705882354,0.32763224870367724
241,21.0,0.7,0.4,pow,0.3060200668896321,0.3177257861186433
242,21.0,0.7,0.5,exp,0.3090185676392573,0.3268366433123818
243,21.0,0.7,0.5,pow,0.3076923076923077,0.314747993712132
244,21.0,0.7,0.6,exp,0.3333333333333333,0.32813943001443
245,21.0,0.7,0.6,pow,0.3103448275862069,0.3187830687830688
246,21.0,0.8,0.1,exp,0.2792207792207792,0.31858473867402437
247,21.0,0.8,0.1,pow,0.2727272727272727,0.3098683461529431
248,21.0,0.8,0.166667,exp,0.2857142857142857,0.31751343894201034
249,21.0,0.8,0.166667,pow,0.27636363636363637,0.30838167784596354
250,21.0,0.8,0.2,exp,0.2857142857142857,0.3199723391687677
251,21.0,0.8,0.2,pow,0.28,0.3104525434882578
252,21.0,0.8,0.3,exp,0.2857142857142857,0.3204947051971322
253,21.0,0.8,0.3,pow,0.2857142857142857,0.3105845136548831
254,21.0,0.8,0.4,exp,0.2857142857142857,0.32156084656084655
255,21.0,0.8,0.4,pow,0.2903225806451613,0.314747993712132
256,21.0,0.8,0.5,exp,0.29411764705882354,0.32813943001443
257,21.0,0.8,0.5,pow,0.2922201138519924,0.3162719875221912
258,21.0,0.8,0.6,exp,0.3060200668896321,0.32705296687439545
259,21.0,0.8,0.6,pow,0.29411764705882354,0.32059891052375167
260,21.0,0.9,0.1,exp,0.2727272727272727,0.30754888584374984
261,21.0,0.9,0.1,pow,0.2727272727272727,0.3049556759378188
262,21.0,0.9,0.166667,exp,0.2727272727272727,0.30959924538221245
263,21.0,0.9,0.166667,pow,0.2727272727272727,0.3055680681449583
264,21.0,0.9,0.2,exp,0.2727272727272727,0.3108502600524936
265,21.0,0.9,0.2,pow,0.2727272727272727,0.3062934769953672
266,21.0,0.9,0.3,exp,0.2727272727272727,0.3121984242863363
267,21.0,0.9,0.3,pow,0.2727272727272727,0.3062934769953672
268,21.0,0.9,0.4,exp,0.2727272727272727,0.31421835413674537
269,21.0,0.9,0.4,pow,0.2727272727272727,0.3085544217687075
270,21.0,0.9,0.5,exp,0.2727272727272727,0.314826096522525
271,21.0,0.9,0.5,pow,0.28285714285714286,0.3104525434882578
272,21.0,0.9,0.6,exp,0.2857142857142857,0.3172923505066362
273,21.0,0.9,0.6,pow,0.2857142857142857,0.31157573268730687
274,21.0,1.0,0.1,exp,0.2727272727272727,0.30022354820339886
275,21.0,1.0,0.1,pow,0.2727272727272727,0.3016402931097271
276,21.0,1.0,0.166667,exp,0.2727272727272727,0.30022354820339886
277,21.0,1.0,0.166667,pow,0.2727272727272727,0.3016402931097271
278,21.0,1.0,0.2,exp,0.2727272727272727,0.30022354820339886
279,21.0,1.0,0.2,pow,0.2727272727272727,0.3016402931097271
280,21.0,1.0,0.3,exp,0.2727272727272727,0.30022354820339886
281,21.0,1.0,0.3,pow,0.2727272727272727,0.3016402931097271
282,21.0,1.0,0.4,exp,0.2727272727272727,0.30022354820339886
283,21.0,1.0,0.4,pow,0.2727272727272727,0.3016402931097271
284,21.0,1.0,0.5,exp,0.2727272727272727,0.30022354820339886
285,21.0,1.0,0.5,pow,0.2727272727272727,0.3016402931097271
286,21.0,1.0,0.6,exp,0.2727272727272727,0.30022354820339886
287,21.0,1.0,0.6,pow,0.2727272727272727,0.3016402931097271
288,60.0,0.2,0.1,exp,0.3333333333333333,0.35207636982074697
289,60.0,0.2,0.1,pow,0.2727272727272727,0.2924288233812043
290,60.0,0.2,0.166667,exp,0.3333333333333333,0.3584435972934644
291,60.0,0.2,0.166667,pow,0.26666666666666666,0.2922479035491888
292,60.0,0.3,0.1,exp,0.3333333333333333,0.3443315443207312
293,60.0,0.3,0.1,pow,0.28,0.2975330571005312
294,60.0,0.3,0.166667,exp,0.3333333333333333,0.34816326530612246
295,60.0,0.3,0.166667,pow,0.27636363636363637,0.2966666666666667
296,60.0,0.3,0.2,exp,0.3333333333333333,0.34992913832199546
297,60.0,0.3,0.2,pow,0.28285714285714286,0.2966666666666667
298,60.0,0.4,0.1,exp,0.3333333333333333,0.3400762927548642
299,60.0,0.4,0.1,pow,0.2857142857142857,0.3066411742192992
300,60.0,0.4,0.166667,exp,0.3333333333333333,0.34454716910074046
301,60.0,0.4,0.166667,pow,0.2857142857142857,0.3048060201906355
302,60.0,0.4,0.2,exp,0.3333333333333333,0.3451699645152025
303,60.0,0.4,0.2,pow,0.2857142857142857,0.30927649359569004
304,60.0,0.4,0.3,exp,0.3333333333333333,0.34555714095813367
305,60.0,0.4,0.3,pow,0.29411764705882354,0.3044327206029397
306,60.0,0.5,0.1,exp,0.3333333333333333,0.3342629592629593
307,60.0,0.5,0.1,pow,0.2922201138519924,0.3138957209848593
308,60.0,0.5,0.166667,exp,0.3333333333333333,0.33508715986394555
309,60.0,0.5,0.166667,pow,0.29411764705882354,0.3122137188208616
310,60.0,0.5,0.2,exp,0.3333333333333333,0.33508715986394555
311,60.0,0.5,0.2,pow,0.29705882352941176,0.31219586220543527
312,60.0,0.5,0.3,exp,0.3333333333333333,0.33791554100170307
313,60.0,0.5,0.3,pow,0.3,0.3090853590853591
314,60.0,0.5,0.4,exp,0.3333333333333333,0.34474757495590824
315,60.0,0.5,0.4,pow,0.3090185676392573,0.3105332167832168
316,60.0,0.6,0.1,exp,0.3218390804597701,0.32570436507936507
317,60.0,0.6,0.1,pow,0.29411764705882354,0.31379971783617616
318,60.0,0.6,0.166667,exp,0.3333333333333333,0.3276728232085376
319,60.0,0.6,0.166667,pow,0.29411764705882354,0.31473055782951614
320,60.0,0.6,0.2,exp,0.3333333333333333,0.32756414881414886
321,60.0,0.6,0.2,pow,0.3,0.31755288362431217
322,60.0,0.6,0.3,exp,0.3333333333333333,0.32756414881414886
323,60.0,0.6,0.3,pow,0.3103448275862069,0.31666666666666665
324,60.0,0.6,0.4,exp,0.3333333333333333,0.32965695019266456
325,60.0,0.6,0.4,pow,0.3103448275862069,0.31773671212623267
326,60.0,0.6,0.5,exp,0.3333333333333333,0.3364136904761904
327,60.0,0.6,0.5,pow,0.3103448275862069,0.31666666666666665
328,60.0,0.7,0.1,exp,0.3076923076923077,0.32813943001443
329,60.0,0.7,0.1,pow,0.28801843317972353,0.3142994987765098
330,60.0,0.7,0.166667,exp,0.3076923076923077,0.32813943001443
331,60.0,0.7,0.166667,pow,0.29411764705882354,0.31602316915397416
332,60.0,0.7,0.2,exp,0.3090185676392573,0.32763224870367724
333,60.0,0.7,0.2,pow,0.29705882352941176,0.3150634080156416
334,60.0,0.7,0.3,exp,0.3103448275862069,0.3275186387686388
335,60.0,0.7,0.3,pow,0.3021739130434783,0.3177257861186433
336,60.0,0.7,0.4,exp,0.3333333333333333,0.3287415461522605
337,60.0,0.7,0.4,pow,0.30434782608695654,0.3177257861186433
338,60.0,0.7,0.5,exp,0.3333333333333333,0.3287415461522605
339,60.0,0.7,0.5,pow,0.3090185676392573,0.31662698412698415
340,60.0,0.7,0.6,exp,0.3333333333333333,0.33182749789892646
341,60.0,0.7,0.6,pow,0.3103448275862069,0.3201521164021164
342,60.0,0.8,0.1,exp,0.2903225806451613,0.32222222222222224
343,60.0,0.8,0.1,pow,0.2857142857142857,0.31004109007568703
344,60.0,0.8,0.166667,exp,0.29411764705882354,0.32222222222222224
345,60.0,0.8,0.166667,pow,0.2857142857142857,0.31104950277405774
346,60.0,0.8,0.2,exp,0.30434782608695654,0.32431487163630024
347,60.0,0.8,0.2,pow,0.2857142857142857,0.3100313377099092
348,60.0,0.8,0.3,exp,0.3076923076923077,0.32705296687439545
349,60.0,0.8,0.3,pow,0.2857142857142857,0.31365934004438156
350,60.0,0.8,0.4,exp,0.3103448275862069,0.32705296687439545
351,60.0,0.8,0.4,pow,0.2903225806451613,0.31386090228528174
352,60.0,0.8,0.5,exp,0.3103448275862069,0.3304407462592447
353,60.0,0.8,0.5,pow,0.29411764705882354,0.3193502107099956
354,60.0,0.8,0.6,exp,0.3218390804597701,0.32901217483067324
355,60.0,0.8,0.6,pow,0.29411764705882354,0.32059891052375167
356,60.0,0.9,0.1,exp,0.2857142857142857,0.31421835413674537
357,60.0,0.9,0.1,pow,0.28,0.3049556759378188
358,60.0,0.9,0.166667,exp,0.2857142857142857,0.3146452202999822
359,60.0,0.9,0.166667,pow,0.27636363636363637,0.3062934769953672
360,60.0,0.9,0.2,exp,0.2857142857142857,0.3168908736421365
361,60.0,0.9,0.2,pow,0.2857142857142857,0.3062934769953672
362,60.0,0.9,0.3,exp,0.2857142857142857,0.31833393458393455
363,60.0,0.9,0.3,pow,0.2857142857142857,0.3066865079365079
364,60.0,0.9,0.4,exp,0.2903225806451613,0.3168908736421365
365,60.0,0.9,0.4,pow,0.2857142857142857,0.3066865079365079
366,60.0,0.9,0.5,exp,0.29411764705882354,0.31833393458393455
367,60.0,0.9,0.5,pow,0.2857142857142857,0.3085544217687075
368,60.0,0.9,0.6,exp,0.29411764705882354,0.3201091236805522
369,60.0,0.9,0.6,pow,0.2857142857142857,0.31157573268730687
370,60.0,1.0,0.1,exp,0.2727272727272727,0.3016402931097271
371,60.0,1.0,0.1,pow,0.2727272727272727,0.30022354820339886
372,60.0,1.0,0.166667,exp,0.2727272727272727,0.3016402931097271
373,60.0,1.0,0.166667,pow,0.2727272727272727,0.30022354820339886
374,60.0,1.0,0.2,exp,0.2727272727272727,0.3016402931097271
375,60.0,1.0,0.2,pow,0.2727272727272727,0.30022354820339886
376,60.0,1.0,0.3,exp,0.2727272727272727,0.3016402931097271
377,60.0,1.0,0.3,pow,0.2727272727272727,0.30022354820339886
378,60.0,1.0,0.4,exp,0.2727272727272727,0.3016402931097271
379,60.0,1.0,0.4,pow,0.2727272727272727,0.30022354820339886
380,60.0,1.0,0.5,exp,0.2727272727272727,0.3016402931097271
381,60.0,1.0,0.5,pow,0.2727272727272727,0.30022354820339886
382,60.0,1.0,0.6,exp,0.2727272727272727,0.3016402931097271
383,60.0,1.0,0.6,pow,0.2727272727272727,0.30022354820339886
384,90.0,0.2,0.1,exp,0.3333333333333333,0.3569378306878307
385,90.0,0.2,0.1,pow,0.26666666666666666,0.29171829894869106
386,90.0,0.2,0.166667,exp,0.3333333333333333,0.36079439613093456
387,90.0,0.2,0.166667,pow,0.26666666666666666,0.2921317620547312
388,90.0,0.3,0.1,exp,0.3333333333333333,0.3461944228485291
389,90.0,0.3,0.1,pow,0.2727272727272727,0.2964732142857143
390,90.0,0.3,0.166667,exp,0.3333333333333333,0.34992913832199546
391,90.0,0.3,0.166667,pow,0.27636363636363637,0.2977620065478038
392,90.0,0.3,0.2,exp,0.3333333333333333,0.3505266558837987
393,90.0,0.3,0.2,pow,0.28285714285714286,0.2972583884338915
394,90.0,0.4,0.1,exp,0.3333333333333333,0.3451699645152025
395,90.0,0.4,0.1,pow,0.28801843317972353,0.3066411742192992
396,90.0,0.4,0.166667,exp,0.3333333333333333,0.34555714095813367
397,90.0,0.4,0.166667,pow,0.2857142857142857,0.3048060201906355
398,90.0,0.4,0.2,exp,0.3333333333333333,0.34555714095813367
399,90.0,0.4,0.2,pow,0.2857142857142857,0.30927649359569004
400,90.0,0.4,0.3,exp,0.3333333333333333,0.34651592423834565
401,90.0,0.4,0.3,pow,0.29411764705882354,0.30394349683676275
402,90.0,0.5,0.1,exp,0.3333333333333333,0.3364136904761904
403,90.0,0.5,0.1,pow,0.2922201138519924,0.3138957209848593
404,90.0,0.5,0.166667,exp,0.3333333333333333,0.33698260940448443
405,90.0,0.5,0.166667,pow,0.29705882352941176,0.3103139067245104
406,90.0,0.5,0.2,exp,0.3333333333333333,0.33752682709155923
407,90.0,0.5,0.2,pow,0.29705882352941176,0.3103139067245104
408,90.0,0.5,0.3,exp,0.3333333333333333,0.3413819563373135
409,90.0,0.5,0.3,pow,0.30434782608695654,0.3084680572403787
410,90.0,0.5,0.4,exp,0.3333333333333333,0.3456341828365637
411,90.0,0.5,0.4,pow,0.3090185676392573,0.31183423719138004
412,90.0,0.6,0.1,exp,0.3333333333333333,0.32756414881414886
413,90.0,0.6,0.1,pow,0.29411764705882354,0.31404601791506553
414,90.0,0.6,0.166667,exp,0.3333333333333333,0.3284512577369721
415,90.0,0.6,0.166667,pow,0.29411764705882354,0.31666666666666665
416,90.0,0.6,0.2,exp,0.3333333333333333,0.3284512577369721
417,90.0,0.6,0.2,pow,0.3021739130434783,0.31666666666666665
418,90.0,0.6,0.3,exp,0.3333333333333333,0.3284434162660495
419,90.0,0.6,0.3,pow,0.3103448275862069,0.31666666666666665
420,90.0,0.6,0.4,exp,0.3333333333333333,0.3331282063764762
421,90.0,0.6,0.4,pow,0.3103448275862069,0.31666666666666665
422,90.0,0.6,0.5,exp,0.3333333333333333,0.33596537616423977
423,90.0,0.6,0.5,pow,0.3103448275862069,0.3182526798598227
424,90.0,0.7,0.1,exp,0.3103448275862069,0.32813943001443
425,90.0,0.7,0.1,pow,0.28801843317972353,0.31468033670724993
426,90.0,0.7,0.166667,exp,0.3103448275862069,0.3274524747739034
427,90.0,0.7,0.166667,pow,0.29411764705882354,0.31602316915397416
428,90.0,0.7,0.2,exp,0.3103448275862069,0.32763224870367724
429,90.0,0.7,0.2,pow,0.3021739130434783,0.3146452202999822
430,90.0,0.7,0.3,exp,0.3333333333333333,0.3287415461522605
431,90.0,0.7,0.3,pow,0.3021739130434783,0.3177257861186433
432,90.0,0.7,0.4,exp,0.3333333333333333,0.3287415461522605
433,90.0,0.7,0.4,pow,0.30434782608695654,0.3158767415075465
434,90.0,0.7,0.5,exp,0.3333333333333333,0.33182749789892646
435,90.0,0.7,0.5,pow,0.3090185676392573,0.31662698412698415
436,90.0,0.7,0.6,exp,0.3333333333333333,0.3321362169576455
437,90.0,0.7,0.6,pow,0.3103448275862069,0.3201521164021164
438,90.0,0.8,0.1,exp,0.3021739130434783,0.32431487163630024
439,90.0,0.8,0.1,pow,0.2857142857142857,0.3100313377099092
440,90.0,0.8,0.166667,exp,0.3076923076923077,0.32705296687439545
441,90.0,0.8,0.166667,pow,0.2857142857142857,0.3104525434882578
442,90.0,0.8,0.2,exp,0.3076923076923077,0.32705296687439545
443,90.0,0.8,0.2,pow,0.2857142857142857,0.3108206417700645
444,90.0,0.8,0.3,exp,0.3103448275862069,0.32776064213564216
445,90.0,0.8,0.3,pow,0.2857142857142857,0.31386090228528174
446,90.0,0.8,0.4,exp,0.3103448275862069,0.3304407462592447
447,90.0,0.8,0.4,pow,0.2903225806451613,0.314747993712132
448,90.0,0.8,0.5,exp,0.3218390804597701,0.33065476190476195
449,90.0,0.8,0.5,pow,0.29411764705882354,0.3193502107099956
450,90.0,0.8,0.6,exp,0.3333333333333333,0.33065476190476195
451,90.0,0.8,0.6,pow,0.29411764705882354,0.3219201169201169
452,90.0,0.9,0.1,exp,0.2857142857142857,0.3159326982541268
453,90.0,0.9,0.1,pow,0.27636363636363637,0.3055680681449583
454,90.0,0.9,0.166667,exp,0.2857142857142857,0.31833393458393455
455,90.0,0.9,0.166667,pow,0.28285714285714286,0.3066865079365079
456,90.0,0.9,0.2,exp,0.2903225806451613,0.31833393458393455
457,90.0,0.9,0.2,pow,0.2857142857142857,0.3066865079365079
458,90.0,0.9,0.3,exp,0.2903225806451613,0.3168908736421365
459,90.0,0.9,0.3,pow,0.2857142857142857,0.3066865079365079
460,90.0,0.9,0.4,exp,0.29411764705882354,0.31833393458393455
461,90.0,0.9,0.4,pow,0.2857142857142857,0.3085544217687075
462,90.0,0.9,0.5,exp,0.29411764705882354,0.3201091236805522
463,90.0,0.9,0.5,pow,0.2857142857142857,0.3065117309636211
464,90.0,0.9,0.6,exp,0.3021739130434783,0.3206400208460648
465,90.0,0.9,0.6,pow,0.2857142857142857,0.31157573268730687
466,90.0,1.0,0.1,exp,0.2727272727272727,0.3016402931097271
467,90.0,1.0,0.1,pow,0.2727272727272727,0.298800890035792
468,90.0,1.0,0.166667,exp,0.2727272727272727,0.3016402931097271
469,90.0,1.0,0.166667,pow,0.2727272727272727,0.298800890035792
470,90.0,1.0,0.2,exp,0.2727272727272727,0.3016402931097271
471,90.0,1.0,0.2,pow,0.2727272727272727,0.298800890035792
472,90.0,1.0,0.3,exp,0.2727272727272727,0.3016402931097271
473,90.0,1.0,0.3,pow,0.2727272727272727,0.298800890035792
474,90.0,1.0,0.4,exp,0.2727272727272727,0.3016402931097271
475,90.0,1.0,0.4,pow,0.2727272727272727,0.298800890035792
476,90.0,1.0,0.5,exp,0.2727272727272727,0.3016402931097271
477,90.0,1.0,0.5,pow,0.2727272727272727,0.298800890035792
478,90.0,1.0,0.6,exp,0.2727272727272727,0.3016402931097271
479,90.0,1.0,0.6,pow,0.2727272727272727,0.298800890035792
480,120.0,0.2,0.1,exp,0.3333333333333333,0.35788904827366363
481,120.0,0.2,0.1,pow,0.26666666666666666,0.2910542665006951
482,120.0,0.2,0.166667,exp,0.3333333333333333,0.36079439613093456
483,120.0,0.2,0.166667,pow,0.26666666666666666,0.2921317620547312
484,120.0,0.3,0.1,exp,0.3333333333333333,0.34816326530612246
485,120.0,0.3,0.1,pow,0.2727272727272727,0.2964732142857143
486,120.0,0.3,0.166667,exp,0.3333333333333333,0.35037818534790854
487,120.0,0.3,0.166667,pow,0.28,0.2990632219947235
488,120.0,0.3,0.2,exp,0.3333333333333333,0.3514541014541015
489,120.0,0.3,0.2,pow,0.2857142857142857,0.2972583884338915
490,120.0,0.4,0.1,exp,0.3333333333333333,0.3451699645152025
491,120.0,0.4,0.1,pow,0.2903225806451613,0.3066411742192992
492,120.0,0.4,0.166667,exp,0.3333333333333333,0.34555714095813367
493,120.0,0.4,0.166667,pow,0.2857142857142857,0.3048060201906355
494,120.0,0.4,0.2,exp,0.3333333333333333,0.34651592423834565
495,120.0,0.4,0.2,pow,0.2857142857142857,0.3071409410695125
496,120.0,0.4,0.3,exp,0.3333333333333333,0.3466666666666667
497,120.0,0.4,0.3,pow,0.29411764705882354,0.3048060201906355
498,120.0,0.5,0.1,exp,0.3333333333333333,0.3364136904761904
499,120.0,0.5,0.1,pow,0.2922201138519924,0.3138957209848593
500,120.0,0.5,0.166667,exp,0.3333333333333333,0.33791554100170307
501,120.0,0.5,0.166667,pow,0.29705882352941176,0.3114087301587301
502,120.0,0.5,0.2,exp,0.3333333333333333,0.33919769267969735
503,120.0,0.5,0.2,pow,0.3,0.30957669314812175
504,120.0,0.5,0.3,exp,0.3333333333333333,0.34217787093367585
505,120.0,0.5,0.3,pow,0.30434782608695654,0.3084680572403787
506,120.0,0.5,0.4,exp,0.3333333333333333,0.3456341828365637
507,120.0,0.5,0.4,pow,0.3090185676392573,0.3124021877593306
508,120.0,0.6,0.1,exp,0.3333333333333333,0.3284512577369721
509,120.0,0.6,0.1,pow,0.29411764705882354,0.31545855379188714
510,120.0,0.6,0.166667,exp,0.3333333333333333,0.3284512577369721
511,120.0,0.6,0.166667,pow,0.29705882352941176,0.31666666666666665
512,120.0,0.6,0.2,exp,0.3333333333333333,0.3284512577369721
513,120.0,0.6,0.2,pow,0.30434782608695654,0.3166269841269841
514,120.0,0.6,0.3,exp,0.3333333333333333,0.3308665460406202
515,120.0,0.6,0.3,pow,0.3103448275862069,0.31666666666666665
516,120.0,0.6,0.4,exp,0.3333333333333333,0.3356474649088286
517,120.0,0.6,0.4,pow,0.3103448275862069,0.31666666666666665
518,120.0,0.6,0.5,exp,0.3333333333333333,0.3364136904761904
519,120.0,0.6,0.5,pow,0.3103448275862069,0.3182526798598227
520,120.0,0.7,0.1,exp,0.3103448275862069,0.32763224870367724
521,120.0,0.7,0.1,pow,0.2903225806451613,0.3150985244229093
522,120.0,0.7,0.166667,exp,0.3103448275862069,0.32813943001443
523,120.0,0.7,0.166667,pow,0.29411764705882354,0.31602316915397416
524,120.0,0.7,0.2,exp,0.3218390804597701,0.32813943001443
525,120.0,0.7,0.2,pow,0.29411764705882354,0.314747993712132
526,120.0,0.7,0.3,exp,0.3333333333333333,0.3287415461522605
527,120.0,0.7,0.3,pow,0.3,0.3164317021806431
528,120.0,0.7,0.4,exp,0.3333333333333333,0.3296751713263678
529,120.0,0.7,0.4,pow,0.3076923076923077,0.3158767415075465
530,120.0,0.7,0.5,exp,0.3333333333333333,0.3305497453934954
531,120.0,0.7,0.5,pow,0.3090185676392573,0.31662698412698415
532,120.0,0.7,0.6,exp,0.3333333333333333,0.33376157572586146
533,120.0,0.7,0.6,pow,0.3103448275862069,0.3201521164021164
534,120.0,0.8,0.1,exp,0.3076923076923077,0.32901217483067324
535,120.0,0.8,0.1,pow,0.2857142857142857,0.31060179819688893
536,120.0,0.8,0.166667,exp,0.3090185676392573,0.32901217483067324
537,120.0,0.8,0.166667,pow,0.2857142857142857,0.3104525434882578
538,120.0,0.8,0.2,exp,0.3103448275862069,0.32901217483067324
539,120.0,0.8,0.2,pow,0.2857142857142857,0.3108206417700645
540,120.0,0.8,0.3,exp,0.3103448275862069,0.33065476190476195
541,120.0,0.8,0.3,pow,0.2857142857142857,0.31386090228528174
542,120.0,0.8,0.4,exp,0.3103448275862069,0.33065476190476195
543,120.0,0.8,0.4,pow,0.2903225806451613,0.31530014218094715
544,120.0,0.8,0.5,exp,0.3333333333333333,0.33065476190476195
545,120.0,0.8,0.5,pow,0.29411764705882354,0.32083387292976673
546,120.0,0.8,0.6,exp,0.3333333333333333,0.33065476190476195
547,120.0,0.8,0.6,pow,0.29411764705882354,0.3219201169201169
548,120.0,0.9,0.1,exp,0.28801843317972353,0.3201486887796872
549,120.0,0.9,0.1,pow,0.28,0.3055680681449583
550,120.0,0.9,0.166667,exp,0.2903225806451613,0.31833393458393455
551,120.0,0.9,0.166667,pow,0.28285714285714286,0.3066865079365079
552,120.0,0.9,0.2,exp,0.2903225806451613,0.31833393458393455
553,120.0,0.9,0.2,pow,0.2857142857142857,0.3066865079365079
554,120.0,0.9,0.3,exp,0.29411764705882354,0.3202940044286198
555,120.0,0.9,0.3,pow,0.2857142857142857,0.3066865079365079
556,120.0,0.9,0.4,exp,0.29411764705882354,0.3206400208460648
557,120.0,0.9,0.4,pow,0.2857142857142857,0.3085544217687075
558,120.0,0.9,0.5,exp,0.30434782608695654,0.3206400208460648
559,120.0,0.9,0.5,pow,0.2857142857142857,0.3085544217687075
560,120.0,0.9,0.6,exp,0.30434782608695654,0.3215608465608466
561,120.0,0.9,0.6,pow,0.2857142857142857,0.31157573268730687
562,120.0,1.0,0.1,exp,0.2727272727272727,0.3016402931097271
563,120.0,1.0,0.1,pow,0.2727272727272727,0.30022354820339886
564,120.0,1.0,0.166667,exp,0.2727272727272727,0.3016402931097271
565,120.0,1.0,0.166667,pow,0.2727272727272727,0.30022354820339886
566,120.0,1.0,0.2,exp,0.2727272727272727,0.3016402931097271
567,120.0,1.0,0.2,pow,0.2727272727272727,0.30022354820339886
568,120.0,1.0,0.3,exp,0.2727272727272727,0.3016402931097271
569,120.0,1.0,0.3,pow,0.2727272727272727,0.30022354820339886
570,120.0,1.0,0.4,exp,0.2727272727272727,0.3016402931097271
571,120.0,1.0,0.4,pow,0.2727272727272727,0.30022354820339886
572,120.0,1.0,0.5,exp,0.2727272727272727,0.3016402931097271
573,120.0,1.0,0.5,pow,0.2727272727272727,0.30022354820339886
574,120.0,1.0,0.6,exp,0.2727272727272727,0.3016402931097271
575,120.0,1.0,0.6,pow,0.2727272727272727,0.30022354820339886
576,180.0,0.2,0.1,exp,0.3333333333333333,0.35788904827366363
577,180.0,0.2,0.1,pow,0.2727272727272727,0.29223526089302665
578,180.0,0.2,0.166667,exp,0.34523809523809523,0.36247536056481794
579,180.0,0.2,0.166667,pow,0.26666666666666666,0.2922479035491888
580,180.0,0.3,0.1,exp,0.3333333333333333,0.3484325396825397
581,180.0,0.3,0.1,pow,0.2727272727272727,0.2964732142857143
582,180.0,0.3,0.166667,exp,0.3333333333333333,0.3514541014541015
583,180.0,0.3,0.166667,pow,0.28,0.2978132219947235
584,180.0,0.3,0.2,exp,0.3333333333333333,0.3525742709671281
585,180.0,0.3,0.2,pow,0.2857142857142857,0.2995291137403311
586,180.0,0.4,0.1,exp,0.3333333333333333,0.34555714095813367
587,180.0,0.4,0.1,pow,0.2922201138519924,0.3048060201906355
588,180.0,0.4,0.166667,exp,0.3333333333333333,0.34555714095813367
589,180.0,0.4,0.166667,pow,0.2857142857142857,0.3050892625892626
590,180.0,0.4,0.2,exp,0.3333333333333333,0.34651592423834565
591,180.0,0.4,0.2,pow,0.2857142857142857,0.3051124338624338
592,180.0,0.4,0.3,exp,0.3333333333333333,0.3466666666666667
593,180.0,0.4,0.3,pow,0.29411764705882354,0.3051124338624338
594,180.0,0.5,0.1,exp,0.3333333333333333,0.33791554100170307
595,180.0,0.5,0.1,pow,0.29411764705882354,0.31473055782951614
596,180.0,0.5,0.166667,exp,0.3333333333333333,0.3413819563373135
597,180.0,0.5,0.166667,pow,0.29705882352941176,0.3114247818154068
598,180.0,0.5,0.2,exp,0.3333333333333333,0.3413819563373135
599,180.0,0.5,0.2,pow,0.29705882352941176,0.30957669314812175
600,180.0,0.5,0.3,exp,0.3333333333333333,0.3453703703703703
601,180.0,0.5,0.3,pow,0.30434782608695654,0.30807301577390866
602,180.0,0.5,0.4,exp,0.3333333333333333,0.346172101707816
603,180.0,0.5,0.4,pow,0.3090185676392573,0.3124021877593306
604,180.0,0.6,0.1,exp,0.3333333333333333,0.3284512577369721
605,180.0,0.6,0.1,pow,0.29411764705882354,0.31545855379188714
606,180.0,0.6,0.166667,exp,0.3333333333333333,0.32965695019266456
607,180.0,0.6,0.166667,pow,0.29705882352941176,0.31755288362431217
608,180.0,0.6,0.2,exp,0.3333333333333333,0.330776968757738
609,180.0,0.6,0.2,pow,0.30434782608695654,0.3166269841269841
610,180.0,0.6,0.3,exp,0.3333333333333333,0.33412698412698416
611,180.0,0.6,0.3,pow,0.3103448275862069,0.31666666666666665
612,180.0,0.6,0.4,exp,0.3333333333333333,0.33596537616423977
613,180.0,0.6,0.4,pow,0.3103448275862069,0.3166269841269841
614,180.0,0.6,0.5,exp,0.3333333333333333,0.33596537616423977
615,180.0,0.6,0.5,pow,0.3103448275862069,0.3182526798598227
616,180.0,0.7,0.1,exp,0.3333333333333333,0.32813943001443
617,180.0,0.7,0.1,pow,0.2903225806451613,0.3150985244229093
618,180.0,0.7,0.166667,exp,0.3333333333333333,0.3287415461522605
619,180.0,0.7,0.166667,pow,0.29705882352941176,0.3150634080156416
620,180.0,0.7,0.2,exp,0.3333333333333333,0.3287415461522605
621,180.0,0.7,0.2,pow,0.29411764705882354,0.314747993712132
622,180.0,0.7,0.3,exp,0.3333333333333333,0.3296751713263678
623,180.0,0.7,0.3,pow,0.3021739130434783,0.3164317021806431
624,180.0,0.7,0.4,exp,0.3333333333333333,0.3305497453934954
625,180.0,0.7,0.4,pow,0.3076923076923077,0.3177257861186433
626,180.0,0.7,0.5,exp,0.3333333333333333,0.3321362169576455
627,180.0,0.7,0.5,pow,0.3103448275862069,0.31662698412698415
628,180.0,0.7,0.6,exp,0.3333333333333333,0.3345804988662132
629,180.0,0.7,0.6,pow,0.3103448275862069,0.3201521164021164
630,180.0,0.8,0.1,exp,0.3103448275862069,0.32901217483067324
631,180.0,0.8,0.1,pow,0.2857142857142857,0.31162220636015414
632,180.0,0.8,0.166667,exp,0.3103448275862069,0.3304407462592447
633,180.0,0.8,0.166667,pow,0.2857142857142857,0.3104525434882578
634,180.0,0.8,0.2,exp,0.3103448275862069,0.33065476190476195
635,180.0,0.8,0.2,pow,0.2857142857142857,0.3108206417700645
636,180.0,0.8,0.3,exp,0.3333333333333333,0.33065476190476195
637,180.0,0.8,0.3,pow,0.28801843317972353,0.31386090228528174
638,180.0,0.8,0.4,exp,0.3333333333333333,0.33065476190476195
639,180.0,0.8,0.4,pow,0.2903225806451613,0.31530014218094715
640,180.0,0.8,0.5,exp,0.3333333333333333,0.33065476190476195
641,180.0,0.8,0.5,pow,0.2922201138519924,0.3222224878799273
642,180.0,0.8,0.6,exp,0.3333333333333333,0.3317460317460318
643,180.0,0.8,0.6,pow,0.2922201138519924,0.3219201169201169
644,180.0,0.9,0.1,exp,0.2903225806451613,0.31833393458393455
645,180.0,0.9,0.1,pow,0.28,0.3055680681449583
646,180.0,0.9,0.166667,exp,0.29411764705882354,0.3202940044286198
647,180.0,0.9,0.166667,pow,0.2857142857142857,0.3066865079365079
648,180.0,0.9,0.2,exp,0.29411764705882354,0.3202940044286198
649,180.0,0.9,0.2,pow,0.2857142857142857,0.3066865079365079
650,180.0,0.9,0.3,exp,0.29411764705882354,0.3206400208460648
651,180.0,0.9,0.3,pow,0.2857142857142857,0.3066865079365079
652,180.0,0.9,0.4,exp,0.3021739130434783,0.32086218624680163
653,180.0,0.9,0.4,pow,0.2857142857142857,0.3065117309636211
654,180.0,0.9,0.5,exp,0.30434782608695654,0.3215608465608466
655,180.0,0.9,0.5,pow,0.2857142857142857,0.3085544217687075
656,180.0,0.9,0.6,exp,0.3076923076923077,0.32353041948284644
657,180.0,0.9,0.6,pow,0.2857142857142857,0.31157573268730687
658,180.0,1.0,0.1,exp,0.2727272727272727,0.30247779861750446
659,180.0,1.0,0.1,pow,0.2727272727272727,0.3016402931097271
660,180.0,1.0,0.166667,exp,0.2727272727272727,0.30247779861750446
661,180.0,1.0,0.166667,pow,0.2727272727272727,0.3016402931097271
662,180.0,1.0,0.2,exp,0.2727272727272727,0.30247779861750446
663,180.0,1.0,0.2,pow,0.2727272727272727,0.3016402931097271
664,180.0,1.0,0.3,exp,0.2727272727272727,0.30247779861750446
665,180.0,1.0,0.3,pow,0.2727272727272727,0.3016402931097271
666,180.0,1.0,0.4,exp,0.2727272727272727,0.30247779861750446
667,180.0,1.0,0.4,pow,0.2727272727272727,0.3016402931097271
668,180.0,1.0,0.5,exp,0.2727272727272727,0.30247779861750446
669,180.0,1.0,0.5,pow,0.2727272727272727,0.3016402931097271
670,180.0,1.0,0.6,exp,0.2727272727272727,0.30247779861750446
671,180.0,1.0,0.6,pow,0.2727272727272727,0.3016402931097271
672,365.0,0.2,0.1,exp,0.3333333333333333,0.36079439613093456
673,365.0,0.2,0.1,pow,0.26666666666666666,0.2919151285222714
674,365.0,0.2,0.166667,exp,0.35714285714285715,0.3650096534035404
675,365.0,0.2,0.166667,pow,0.26666666666666666,0.2922479035491888
676,365.0,0.3,0.1,exp,0.3333333333333333,0.3525742709671281
677,365.0,0.3,0.1,pow,0.2727272727272727,0.2962483201322487
678,365.0,0.3,0.166667,exp,0.3333333333333333,0.3535567018525496
679,365.0,0.3,0.166667,pow,0.28,0.2978132219947235
680,365.0,0.3,0.2,exp,0.3333333333333333,0.3535567018525496
681,365.0,0.3,0.2,pow,0.2857142857142857,0.2995291137403311
682,365.0,0.4,0.1,exp,0.3333333333333333,0.34651592423834565
683,365.0,0.4,0.1,pow,0.28801843317972353,0.3065576949505521
684,365.0,0.4,0.166667,exp,0.3333333333333333,0.3466666666666667
685,365.0,0.4,0.166667,pow,0.2857142857142857,0.30927649359569004
686,365.0,0.4,0.2,exp,0.3333333333333333,0.3466666666666667
687,365.0,0.4,0.2,pow,0.2857142857142857,0.3048060201906355
688,365.0,0.4,0.3,exp,0.3333333333333333,0.3466666666666667
689,365.0,0.4,0.3,pow,0.2922201138519924,0.3047985045581199
690,365.0,0.5,0.1,exp,0.3333333333333333,0.34217787093367585
691,365.0,0.5,0.1,pow,0.29411764705882354,0.3122137188208616
692,365.0,0.5,0.166667,exp,0.3333333333333333,0.3453703703703703
693,365.0,0.5,0.166667,pow,0.29705882352941176,0.3098178749784787
694,365.0,0.5,0.2,exp,0.3333333333333333,0.3456341828365637
695,365.0,0.5,0.2,pow,0.3,0.3090853590853591
696,365.0,0.5,0.3,exp,0.3333333333333333,0.346172101707816
697,365.0,0.5,0.3,pow,0.30434782608695654,0.30807301577390866
698,365.0,0.5,0.4,exp,0.3333333333333333,0.3466666666666667
699,365.0,0.5,0.4,pow,0.3076923076923077,0.3124021877593306
700,365.0,0.6,0.1,exp,0.3333333333333333,0.33412698412698416
701,365.0,0.6,0.1,pow,0.29705882352941176,0.31473055782951614
702,365.0,0.6,0.166667,exp,0.3333333333333333,0.3356474649088286
703,365.0,0.6,0.166667,pow,0.30434782608695654,0.31666666666666665
704,365.0,0.6,0.2,exp,0.3333333333333333,0.33596537616423977
705,365.0,0.6,0.2,pow,0.30434782608695654,0.31666666666666665
706,365.0,0.6,0.3,exp,0.3333333333333333,0.33596537616423977
707,365.0,0.6,0.3,pow,0.3103448275862069,0.31666666666666665
708,365.0,0.6,0.4,exp,0.3333333333333333,0.33596537616423977
709,365.0,0.6,0.4,pow,0.3103448275862069,0.3166269841269841
710,365.0,0.6,0.5,exp,0.3333333333333333,0.3364136904761904
711,365.0,0.6,0.5,pow,0.3103448275862069,0.3182526798598227
712,365.0,0.7,0.1,exp,0.3333333333333333,0.32901562722991295
713,365.0,0.7,0.1,pow,0.2903225806451613,0.3150985244229093
714,365.0,0.7,0.166667,exp,0.3333333333333333,0.3305497453934954
715,365.0,0.7,0.166667,pow,0.29411764705882354,0.314747993712132
716,365.0,0.7,0.2,exp,0.3333333333333333,0.3317704980204981
717,365.0,0.7,0.2,pow,0.29705882352941176,0.314747993712132
718,365.0,0.7,0.3,exp,0.3333333333333333,0.33182749789892646
719,365.0,0.7,0.3,pow,0.3060200668896321,0.3164317021806431
720,365.0,0.7,0.4,exp,0.3333333333333333,0.3321362169576455
721,365.0,0.7,0.4,pow,0.3076923076923077,0.3158767415075465
722,365.0,0.7,0.5,exp,0.3333333333333333,0.3343373888016745
723,365.0,0.7,0.5,pow,0.3103448275862069,0.31662698412698415
724,365.0,0.7,0.6,exp,0.3333333333333333,0.33596537616423977
725,365.0,0.7,0.6,pow,0.3103448275862069,0.31755433113873544
726,365.0,0.8,0.1,exp,0.3218390804597701,0.33065476190476195
727,365.0,0.8,0.1,pow,0.2857142857142857,0.31162220636015414
728,365.0,0.8,0.166667,exp,0.3333333333333333,0.33065476190476195
729,365.0,0.8,0.166667,pow,0.2857142857142857,0.31096989647869555
730,365.0,0.8,0.2,exp,0.3333333333333333,0.33065476190476195
731,365.0,0.8,0.2,pow,0.2857142857142857,0.31096989647869555
732,365.0,0.8,0.3,exp,0.3333333333333333,0.33065476190476195
733,365.0,0.8,0.3,pow,0.2903225806451613,0.31386090228528174
734,365.0,0.8,0.4,exp,0.3333333333333333,0.33065476190476195
735,365.0,0.8,0.4,pow,0.2903225806451613,0.3162719875221912
736,365.0,0.8,0.5,exp,0.3333333333333333,0.33282630068344354
737,365.0,0.8,0.5,pow,0.2903225806451613,0.32059891052375167
738,365.0,0.8,0.6,exp,0.3333333333333333,0.33282630068344354
739,365.0,0.8,0.6,pow,0.29411764705882354,0.3219201169201169
740,365.0,0.9,0.1,exp,0.3021739130434783,0.3206400208460648
741,365.0,0.9,0.1,pow,0.28,0.3062934769953672
742,365.0,0.9,0.166667,exp,0.3060200668896321,0.3206400208460648
743,365.0,0.9,0.166667,pow,0.2857142857142857,0.3066865079365079
744,365.0,0.9,0.2,exp,0.3076923076923077,0.32086218624680163
745,365.0,0.9,0.2,pow,0.2857142857142857,0.3066865079365079
746,365.0,0.9,0.3,exp,0.3076923076923077,0.3215608465608466
747,365.0,0.9,0.3,pow,0.2857142857142857,0.3066865079365079
748,365.0,0.9,0.4,exp,0.3076923076923077,0.32353041948284644
749,365.0,0.9,0.4,pow,0.2857142857142857,0.3065117309636211
750,365.0,0.9,0.5,exp,0.3090185676392573,0.32353041948284644
751,365.0,0.9,0.5,pow,0.2857142857142857,0.3085544217687075
752,365.0,0.9,0.6,exp,0.3103448275862069,0.32489910882768025
753,365.0,0.9,0.6,pow,0.2857142857142857,0.31157573268730687
754,365.0,1.0,0.1,exp,0.2727272727272727,0.30247779861750446
755,365.0,1.0,0.1,pow,0.2727272727272727,0.30022354820339886
756,365.0,1.0,0.166667,exp,0.2727272727272727,0.30247779861750446
757,365.0,1.0,0.166667,pow,0.2727272727272727,0.30022354820339886
758,365.0,1.0,0.2,exp,0.2727272727272727,0.30247779861750446
759,365.0,1.0,0.2,pow,0.2727272727272727,0.30022354820339886
760,365.0,1.0,0.3,exp,0.2727272727272727,0.30247779861750446
761,365.0,1.0,0.3,pow,0.2727272727272727,0.30022354820339886
762,365.0,1.0,0.4,exp,0.2727272727272727,0.30247779861750446
763,365.0,1.0,0.4,pow,0.2727272727272727,0.30022354820339886
764,365.0,1.0,0.5,exp,0.2727272727272727,0.30247779861750446
765,365.0,1.0,0.5,pow,0.2727272727272727,0.30022354820339886
766,365.0,1.0,0.6,exp,0.2727272727272727,0.30247779861750446
767,365.0,1.0,0.6,pow,0.2727272727272727,0.30022354820339886
768,460.0,0.2,0.1,exp,0.3333333333333333,0.36079439613093456
769,460.0,0.2,0.1,pow,0.26666666666666666,0.2919151285222714
770,460.0,0.2,0.166667,exp,0.35714285714285715,0.3650096534035404
771,460.0,0.2,0.166667,pow,0.26666666666666666,0.2922479035491888
772,460.0,0.3,0.1,exp,0.3333333333333333,0.3525742709671281
773,460.0,0.3,0.1,pow,0.2727272727272727,0.2962483201322487
774,460.0,0.3,0.166667,exp,0.3333333333333333,0.3535567018525496
775,460.0,0.3,0.166667,pow,0.28,0.2966666666666667
776,460.0,0.3,0.2,exp,0.3333333333333333,0.3530026455026455
777,460.0,0.3,0.2,pow,0.2857142857142857,0.2995291137403311
778,460.0,0.4,0.1,exp,0.3333333333333333,0.3466666666666667
779,460.0,0.4,0.1,pow,0.2922201138519924,0.3048060201906355
780,460.0,0.4,0.166667,exp,0.3333333333333333,0.3466666666666667
781,460.0,0.4,0.166667,pow,0.2857142857142857,0.30927649359569004
782,460.0,0.4,0.2,exp,0.3333333333333333,0.3466666666666667
783,460.0,0.4,0.2,pow,0.2857142857142857,0.3048060201906355
784,460.0,0.4,0.3,exp,0.3333333333333333,0.3466666666666667
785,460.0,0.4,0.3,pow,0.28801843317972353,0.3047985045581199
786,460.0,0.5,0.1,exp,0.3333333333333333,0.34474757495590824
787,460.0,0.5,0.1,pow,0.29411764705882354,0.31285326696621474
788,460.0,0.5,0.166667,exp,0.3333333333333333,0.3456341828365637
789,460.0,0.5,0.166667,pow,0.3,0.3098178749784787
790,460.0,0.5,0.2,exp,0.3333333333333333,0.3456341828365637
791,460.0,0.5,0.2,pow,0.3,0.3090853590853591
792,460.0,0.5,0.3,exp,0.3333333333333333,0.346172101707816
793,460.0,0.5,0.3,pow,0.30434782608695654,0.30807301577390866
794,460.0,0.5,0.4,exp,0.3333333333333333,0.3466666666666667
795,460.0,0.5,0.4,pow,0.3076923076923077,0.3124021877593306
796,460.0,0.6,0.1,exp,0.3333333333333333,0.33412698412698416
797,460.0,0.6,0.1,pow,0.29705882352941176,0.31473055782951614
798,460.0,0.6,0.166667,exp,0.3333333333333333,0.33596537616423977
799,460.0,0.6,0.166667,pow,0.30434782608695654,0.3166269841269841
800,460.0,0.6,0.2,exp,0.3333333333333333,0.33596537616423977
801,460.0,0.6,0.2,pow,0.3060200668896321,0.31666666666666665
802,460.0,0.6,0.3,exp,0.3333333333333333,0.3364136904761904
803,460.0,0.6,0.3,pow,0.3103448275862069,0.3173664629021772
804,460.0,0.6,0.4,exp,0.3333333333333333,0.33596537616423977
805,460.0,0.6,0.4,pow,0.3103448275862069,0.3166269841269841
806,460.0,0.6,0.5,exp,0.3333333333333333,0.3364136904761904
807,460.0,0.6,0.5,pow,0.3103448275862069,0.3182526798598227
808,460.0,0.7,0.1,exp,0.3333333333333333,0.3302836278500029
809,460.0,0.7,0.1,pow,0.2903225806451613,0.3150985244229093
810,460.0,0.7,0.166667,exp,0.3333333333333333,0.3305497453934954
811,460.0,0.7,0.166667,pow,0.29411764705882354,0.314747993712132
812,460.0,0.7,0.2,exp,0.3333333333333333,0.3305497453934954
813,460.0,0.7,0.2,pow,0.3021739130434783,0.31536497896453397
814,460.0,0.7,0.3,exp,0.3333333333333333,0.3321362169576455
815,460.0,0.7,0.3,pow,0.3060200668896321,0.31712522675325444
816,460.0,0.7,0.4,exp,0.3333333333333333,0.3321362169576455
817,460.0,0.7,0.4,pow,0.3076923076923077,0.314747993712132
818,460.0,0.7,0.5,exp,0.3333333333333333,0.33546317499239575
819,460.0,0.7,0.5,pow,0.3103448275862069,0.31662698412698415
820,460.0,0.7,0.6,exp,0.3333333333333333,0.33596537616423977
821,460.0,0.7,0.6,pow,0.3103448275862069,0.31755433113873544
822,460.0,0.8,0.1,exp,0.3333333333333333,0.33065476190476195
823,460.0,0.8,0.1,pow,0.2857142857142857,0.3116721943730872
824,460.0,0.8,0.166667,exp,0.3333333333333333,0.33065476190476195
825,460.0,0.8,0.166667,pow,0.2857142857142857,0.31096989647869555
826,460.0,0.8,0.2,exp,0.3333333333333333,0.33065476190476195
827,460.0,0.8,0.2,pow,0.2857142857142857,0.31162220636015414
828,460.0,0.8,0.3,exp,0.3333333333333333,0.33065476190476195
829,460.0,0.8,0.3,pow,0.2903225806451613,0.31386090228528174
830,460.0,0.8,0.4,exp,0.3333333333333333,0.33282630068344354
831,460.0,0.8,0.4,pow,0.2903225806451613,0.3162719875221912
832,460.0,0.8,0.5,exp,0.3333333333333333,0.33282630068344354
833,460.0,0.8,0.5,pow,0.2922201138519924,0.32059891052375167
834,460.0,0.8,0.6,exp,0.3333333333333333,0.33282630068344354
835,460.0,0.8,0.6,pow,0.29411764705882354,0.3219201169201169
836,460.0,0.9,0.1,exp,0.3060200668896321,0.3206400208460648
837,460.0,0.9,0.1,pow,0.28,0.3066865079365079
838,460.0,0.9,0.166667,exp,0.3076923076923077,0.3215608465608466
839,460.0,0.9,0.166667,pow,0.2857142857142857,0.3066865079365079
840,460.0,0.9,0.2,exp,0.3076923076923077,0.3215608465608466
841,460.0,0.9,0.2,pow,0.2857142857142857,0.3066865079365079
842,460.0,0.9,0.3,exp,0.3076923076923077,0.32353041948284644
843,460.0,0.9,0.3,pow,0.2857142857142857,0.3066865079365079
844,460.0,0.9,0.4,exp,0.3076923076923077,0.32353041948284644
845,460.0,0.9,0.4,pow,0.2857142857142857,0.3065117309636211
846,460.0,0.9,0.5,exp,0.3103448275862069,0.32489910882768025
847,460.0,0.9,0.5,pow,0.2857142857142857,0.30937893675988914
848,460.0,0.9,0.6,exp,0.3103448275862069,0.32489910882768025
849,460.0,0.9,0.6,pow,0.2857142857142857,0.31157573268730687
850,460.0,1.0,0.1,exp,0.2727272727272727,0.30247779861750446
851,460.0,1.0,0.1,pow,0.2727272727272727,0.30022354820339886
852,460.0,1.0,0.166667,exp,0.2727272727272727,0.30247779861750446
853,460.0,1.0,0.166667,pow,0.2727272727272727,0.30022354820339886
854,460.0,1.0,0.2,exp,0.2727272727272727,0.30247779861750446
855,460.0,1.0,0.2,pow,0.2727272727272727,0.30022354820339886
856,460.0,1.0,0.3,exp,0.2727272727272727,0.30247779861750446
857,460.0,1.0,0.3,pow,0.2727272727272727,0.30022354820339886
858,460.0,1.0,0.4,exp,0.2727272727272727,0.30247779861750446
859,460.0,1.0,0.4,pow,0.2727272727272727,0.30022354820339886
860,460.0,1.0,0.5,exp,0.2727272727272727,0.30247779861750446
861,460.0,1.0,0.5,pow,0.2727272727272727,0.30022354820339886
862,460.0,1.0,0.6,exp,0.2727272727272727,0.30247779861750446
863,460.0,1.0,0.6,pow,0.2727272727272727,0.30022354820339886
